target,subset,method,lag,value,pvalue,tvalue
Exports,full,cross_correlation,0,-0.10695818923808349,0.08459615143560474,
Exports,full,cross_correlation,1,0.05496782506269433,0.3764593666710903,
Exports,full,cross_correlation,2,-0.10828229642995321,0.08079446169489363,
Exports,full,cross_correlation,3,-0.12373906793303638,0.04580864636339836,
Exports,full,cross_correlation,4,0.05066777442826076,0.4149820532274419,
Exports,full,cross_correlation,5,0.014813452791581817,0.81173913978019,
Exports,full,cross_correlation,6,-0.04349109047370497,0.4841904569638144,
Exports,full,distributed_lag_ols,1,-0.0002829071809660466,0.9983834342544851,-0.002026066088900964
Exports,full,distributed_lag_ols,2,-0.26443073163181646,0.2299587442661266,-1.2004651379054585
Exports,full,distributed_lag_ols,3,-0.42746954265217957,0.02047716246088719,-2.3174880207132302
Exports,full,distributed_lag_ols,4,-0.034908402098633384,0.8270475430340982,-0.21848975089288708
Exports,full,distributed_lag_ols,5,0.0550318333412963,0.7534767423684499,0.3140583233104271
Exports,full,distributed_lag_ols,6,-0.08169374645703191,0.5867869901504182,-0.543497967147524
Exports,full,elasticnet_abs_coef,1,0.0,,
Exports,full,elasticnet_abs_coef,2,0.0,,
Exports,full,elasticnet_abs_coef,3,0.019781674950845606,,
Exports,full,elasticnet_abs_coef,4,0.0,,
Exports,full,elasticnet_abs_coef,5,0.0,,
Exports,full,elasticnet_abs_coef,6,0.0,,
Exports,full,tree_permutation_importance,1,-0.022976647213628843,,
Exports,full,tree_feature_importance,1,0.08231359760816795,,
Exports,full,tree_shap_abs,1,0.0018990066488070829,,
Exports,full,tree_permutation_importance,2,0.060123368076304376,,
Exports,full,tree_feature_importance,2,0.11408305218875131,,
Exports,full,tree_shap_abs,2,0.002369895119749641,,
Exports,full,tree_permutation_importance,3,0.08300840306902697,,
Exports,full,tree_feature_importance,3,0.12289534847581883,,
Exports,full,tree_shap_abs,3,0.004501859112506807,,
Exports,full,tree_permutation_importance,4,0.05107215482743764,,
Exports,full,tree_feature_importance,4,0.11213567216519424,,
Exports,full,tree_shap_abs,4,0.004650403597274213,,
Exports,full,tree_permutation_importance,5,-0.06499321301298075,,
Exports,full,tree_feature_importance,5,0.0933583727992359,,
Exports,full,tree_shap_abs,5,0.003333899851578373,,
Exports,full,tree_permutation_importance,6,0.012898540021467331,,
Exports,full,tree_feature_importance,6,0.0887984051166185,,
Exports,full,tree_shap_abs,6,0.00256789068868814,,
Exports,anomaly,cross_correlation,0,-0.21008614497826494,0.09840914098200877,
Exports,anomaly,cross_correlation,1,0.11564029792331788,0.3667811901873623,
Exports,anomaly,cross_correlation,2,-0.2554798433274138,0.04329289315931697,
Exports,anomaly,cross_correlation,3,-0.2429258927728494,0.05506061522033938,
Exports,anomaly,cross_correlation,4,0.06562367997866517,0.6093561339942448,
Exports,anomaly,cross_correlation,5,0.1758093679512366,0.1681224500998714,
Exports,anomaly,cross_correlation,6,-0.1421531245090466,0.2664106641238457,
Exports,anomaly,distributed_lag_ols,1,-0.05055195718695702,0.7974747169518364,-0.25661665458205624
Exports,anomaly,distributed_lag_ols,2,-0.5975223698877467,0.033200394418789095,-2.1296515176944975
Exports,anomaly,distributed_lag_ols,3,-0.7645764249325544,0.011185861230514812,-2.536838285279027
Exports,anomaly,distributed_lag_ols,4,-0.14548498328064013,0.4883424704077438,-0.6929475455751862
Exports,anomaly,distributed_lag_ols,5,0.4322265292526401,0.024633899303343795,2.2470958937258705
Exports,anomaly,distributed_lag_ols,6,-0.008205218306879472,0.9754803710837593,-0.030735636096805026
Exports,anomaly,elasticnet_abs_coef,1,0.023352157666043233,,
Exports,anomaly,elasticnet_abs_coef,2,0.27712374111908294,,
Exports,anomaly,elasticnet_abs_coef,3,0.35450296112350166,,
Exports,anomaly,elasticnet_abs_coef,4,0.06799685553494929,,
Exports,anomaly,elasticnet_abs_coef,5,0.2018405405951428,,
Exports,anomaly,elasticnet_abs_coef,6,0.003846482163608115,,
Exports,anomaly,tree_permutation_importance,1,-0.02170414122266736,,
Exports,anomaly,tree_feature_importance,1,0.07322593006196666,,
Exports,anomaly,tree_shap_abs,1,0.0019900413161222006,,
Exports,anomaly,tree_permutation_importance,2,0.04262811439048866,,
Exports,anomaly,tree_feature_importance,2,0.13045428697350006,,
Exports,anomaly,tree_shap_abs,2,0.002763243504948054,,
Exports,anomaly,tree_permutation_importance,3,0.005131153602175642,,
Exports,anomaly,tree_feature_importance,3,0.2564284390878807,,
Exports,anomaly,tree_shap_abs,3,0.013746600462663051,,
Exports,anomaly,tree_permutation_importance,4,-0.003430286856466569,,
Exports,anomaly,tree_feature_importance,4,0.08561446723777676,,
Exports,anomaly,tree_shap_abs,4,0.005304059898173687,,
Exports,anomaly,tree_permutation_importance,5,0.062945648835448,,
Exports,anomaly,tree_feature_importance,5,0.06620734126068925,,
Exports,anomaly,tree_shap_abs,5,0.001796998749633516,,
Exports,anomaly,tree_permutation_importance,6,-0.023248361433054386,,
Exports,anomaly,tree_feature_importance,6,0.0957713466992102,,
Exports,anomaly,tree_shap_abs,6,0.0029121185475607016,,
Imports,full,cross_correlation,0,-0.12326304484546251,0.04665596989155379,
Imports,full,cross_correlation,1,-0.10712746000918387,0.08410227619029667,
Imports,full,cross_correlation,2,-0.025761740333041638,0.6786802279505958,
Imports,full,cross_correlation,3,-0.15491998930916787,0.012212524810853732,
Imports,full,cross_correlation,4,-0.02053732257108564,0.7412239990141812,
Imports,full,cross_correlation,5,-0.022753174544853847,0.7144607519397934,
Imports,full,cross_correlation,6,-0.06056069426142715,0.32976532733193104,
Imports,full,distributed_lag_ols,1,-0.3672197669676036,0.00023595623401695157,-3.6770398032435825
Imports,full,distributed_lag_ols,2,-0.22132069642052335,0.10148723422634759,-1.6376858961950596
Imports,full,distributed_lag_ols,3,-0.42065194183134397,0.008855671072346707,-2.6175762111435934
Imports,full,distributed_lag_ols,4,-0.22984807253847322,0.031179240980091436,-2.1547776121457214
Imports,full,distributed_lag_ols,5,-0.11760686252856006,0.250725269063791,-1.14858954764554
Imports,full,distributed_lag_ols,6,-0.1440630173665267,0.08176654373722285,-1.7405268836045027
Imports,full,elasticnet_abs_coef,1,0.0372384858351472,,
Imports,full,elasticnet_abs_coef,2,0.0,,
Imports,full,elasticnet_abs_coef,3,0.06033363659464053,,
Imports,full,elasticnet_abs_coef,4,0.0,,
Imports,full,elasticnet_abs_coef,5,0.0,,
Imports,full,elasticnet_abs_coef,6,0.0,,
Imports,full,tree_permutation_importance,1,-0.03009179652406313,,
Imports,full,tree_feature_importance,1,0.10397904521281252,,
Imports,full,tree_shap_abs,1,0.003451368587187878,,
Imports,full,tree_permutation_importance,2,0.045936372930971234,,
Imports,full,tree_feature_importance,2,0.11549326919906089,,
Imports,full,tree_shap_abs,2,0.0027084167393484383,,
Imports,full,tree_permutation_importance,3,-0.024812897775613983,,
Imports,full,tree_feature_importance,3,0.131328137359265,,
Imports,full,tree_shap_abs,3,0.004161267055074071,,
Imports,full,tree_permutation_importance,4,0.04039496074344569,,
Imports,full,tree_feature_importance,4,0.10180390074348038,,
Imports,full,tree_shap_abs,4,0.0025023288554511555,,
Imports,full,tree_permutation_importance,5,-0.008614149213911172,,
Imports,full,tree_feature_importance,5,0.07889184010929941,,
Imports,full,tree_shap_abs,5,0.0012858872518880658,,
Imports,full,tree_permutation_importance,6,-0.002333905257968216,,
Imports,full,tree_feature_importance,6,0.07694792565419703,,
Imports,full,tree_shap_abs,6,0.002417591937828398,,
Imports,anomaly,cross_correlation,0,-0.26198375659430506,0.03806348752793264,
Imports,anomaly,cross_correlation,1,-0.16926293190489988,0.1847828678321893,
Imports,anomaly,cross_correlation,2,-0.05455943732668876,0.6710576898899737,
Imports,anomaly,cross_correlation,3,-0.36250679663273616,0.0035036117760936973,
Imports,anomaly,cross_correlation,4,-0.06538404640647937,0.610666168333719,
Imports,anomaly,cross_correlation,5,0.05646726353825907,0.6602478910089977,
Imports,anomaly,cross_correlation,6,-0.1527650942975077,0.23197560583634846,
Imports,anomaly,distributed_lag_ols,1,-0.4840993829222447,3.9761606009976815e-06,-4.6126245910685295
Imports,anomaly,distributed_lag_ols,2,-0.32242298526387037,0.039497743430857865,-2.058963413892393
Imports,anomaly,distributed_lag_ols,3,-0.7362207194963108,4.226634579194222e-08,-5.481110886020877
Imports,anomaly,distributed_lag_ols,4,-0.34562957805325467,0.006426560436613039,-2.725184292687622
Imports,anomaly,distributed_lag_ols,5,0.012489422303521963,0.912241057208527,0.11021223758663447
Imports,anomaly,distributed_lag_ols,6,-0.09008195905667496,0.3760001040437426,-0.8852902558716954
Imports,anomaly,elasticnet_abs_coef,1,0.20461452486477932,,
Imports,anomaly,elasticnet_abs_coef,2,0.11119315864576435,,
Imports,anomaly,elasticnet_abs_coef,3,0.34768842091547913,,
Imports,anomaly,elasticnet_abs_coef,4,0.1220688890942466,,
Imports,anomaly,elasticnet_abs_coef,5,0.0,,
Imports,anomaly,elasticnet_abs_coef,6,0.046837163609228835,,
Imports,anomaly,tree_permutation_importance,1,-0.013708578115466408,,
Imports,anomaly,tree_feature_importance,1,0.2525911632860037,,
Imports,anomaly,tree_shap_abs,1,0.00673699207448052,,
Imports,anomaly,tree_permutation_importance,2,0.02991960408809886,,
Imports,anomaly,tree_feature_importance,2,0.10087364221167121,,
Imports,anomaly,tree_shap_abs,2,0.0019297612419669778,,
Imports,anomaly,tree_permutation_importance,3,-0.02886574902142015,,
Imports,anomaly,tree_feature_importance,3,0.30197593788844934,,
Imports,anomaly,tree_shap_abs,3,0.01351513201576298,,
Imports,anomaly,tree_permutation_importance,4,0.040212471034602223,,
Imports,anomaly,tree_feature_importance,4,0.058559606714440715,,
Imports,anomaly,tree_shap_abs,4,0.0009033954225730617,,
Imports,anomaly,tree_permutation_importance,5,-0.007372503151102194,,
Imports,anomaly,tree_feature_importance,5,0.04685746110349171,,
Imports,anomaly,tree_shap_abs,5,0.002131460493904621,,
Imports,anomaly,tree_permutation_importance,6,0.004375266678551715,,
Imports,anomaly,tree_feature_importance,6,0.08836582501196501,,
Imports,anomaly,tree_shap_abs,6,0.002217793561768748,,
Trade_Balance,full,cross_correlation,0,-0.10299731036671719,0.09748114335795798,
Trade_Balance,full,cross_correlation,1,0.1266794695050406,0.04124758293610052,
Trade_Balance,full,cross_correlation,2,-0.012063231703961268,0.8465019616905161,
Trade_Balance,full,cross_correlation,3,0.043606969429908375,0.48387336758801375,
Trade_Balance,full,cross_correlation,4,0.08182405704229723,0.18843513863596276,
Trade_Balance,full,cross_correlation,5,-0.11020170843800396,0.07609730821953303,
Trade_Balance,full,cross_correlation,6,0.11096111698217387,0.07408425434272703,
Trade_Balance,full,distributed_lag_ols,1,5031.079634549411,0.34560076222807024,0.9431566906552804
Trade_Balance,full,distributed_lag_ols,2,3324.1688259929037,0.1801836461548948,1.340189802220256
Trade_Balance,full,distributed_lag_ols,3,2946.8089656945945,0.33892984880861765,0.9562818664909234
Trade_Balance,full,distributed_lag_ols,4,5918.690535740471,0.023607193324374526,2.2634625069518313
Trade_Balance,full,distributed_lag_ols,5,-3636.157679218729,0.36036259884361255,-0.9146743785562776
Trade_Balance,full,distributed_lag_ols,6,3722.417182521458,0.25512145461170743,1.1379976715635454
Trade_Balance,full,elasticnet_abs_coef,1,0.008781729207931573,,
Trade_Balance,full,elasticnet_abs_coef,2,0.0,,
Trade_Balance,full,elasticnet_abs_coef,3,0.0,,
Trade_Balance,full,elasticnet_abs_coef,4,0.010247075843121364,,
Trade_Balance,full,elasticnet_abs_coef,5,0.0,,
Trade_Balance,full,elasticnet_abs_coef,6,0.0,,
Trade_Balance,full,tree_permutation_importance,1,0.0007132564918080452,,
Trade_Balance,full,tree_feature_importance,1,0.08997220351060142,,
Trade_Balance,full,tree_shap_abs,1,62.116677469663415,,
Trade_Balance,full,tree_permutation_importance,2,-0.002047092283042962,,
Trade_Balance,full,tree_feature_importance,2,0.10821208667335584,,
Trade_Balance,full,tree_shap_abs,2,71.89559363928836,,
Trade_Balance,full,tree_permutation_importance,3,0.10154039425615433,,
Trade_Balance,full,tree_feature_importance,3,0.10448742640008286,,
Trade_Balance,full,tree_shap_abs,3,97.02331896310584,,
Trade_Balance,full,tree_permutation_importance,4,-0.0045372923555183405,,
Trade_Balance,full,tree_feature_importance,4,0.09224309166552172,,
Trade_Balance,full,tree_shap_abs,4,52.31434998109353,,
Trade_Balance,full,tree_permutation_importance,5,-0.024243368852706504,,
Trade_Balance,full,tree_feature_importance,5,0.10510639152912261,,
Trade_Balance,full,tree_shap_abs,5,128.43078224908035,,
Trade_Balance,full,tree_permutation_importance,6,0.0001980844760540945,,
Trade_Balance,full,tree_feature_importance,6,0.09712445172020404,,
Trade_Balance,full,tree_shap_abs,6,60.89849718931304,,
Trade_Balance,anomaly,cross_correlation,0,-0.24043489114138017,0.05978528268493101,
Trade_Balance,anomaly,cross_correlation,1,0.3744704381554092,0.0027131040139461845,
Trade_Balance,anomaly,cross_correlation,2,-0.133761113268904,0.2999837355417663,
Trade_Balance,anomaly,cross_correlation,3,0.06706987392392527,0.6044966429590335,
Trade_Balance,anomaly,cross_correlation,4,0.18037296758123755,0.1606494236858188,
Trade_Balance,anomaly,cross_correlation,5,0.021855860468817025,0.8661025971133492,
Trade_Balance,anomaly,cross_correlation,6,0.00725857930782045,0.9553484346478553,
Trade_Balance,anomaly,distributed_lag_ols,1,12403.06136442581,0.05763104156900977,1.898493968453708
Trade_Balance,anomaly,distributed_lag_ols,2,958.717664101088,0.7750038854227002,0.285835802172586
Trade_Balance,anomaly,distributed_lag_ols,3,3373.2290600046967,0.4194070102833516,0.8074504512148554
Trade_Balance,anomaly,distributed_lag_ols,4,7801.175120331067,0.016112885910404422,2.4063484932128127
Trade_Balance,anomaly,distributed_lag_ols,5,4089.71030015022,0.33325653315141324,0.9675752695300642
Trade_Balance,anomaly,distributed_lag_ols,6,-245.0907911538593,0.926703939276448,-0.09199257448736206
Trade_Balance,anomaly,elasticnet_abs_coef,1,0.0,,
Trade_Balance,anomaly,elasticnet_abs_coef,2,0.0,,
Trade_Balance,anomaly,elasticnet_abs_coef,3,0.0,,
Trade_Balance,anomaly,elasticnet_abs_coef,4,0.0,,
Trade_Balance,anomaly,elasticnet_abs_coef,5,0.0,,
Trade_Balance,anomaly,elasticnet_abs_coef,6,0.0,,
Trade_Balance,anomaly,tree_permutation_importance,1,0.017358003108042475,,
Trade_Balance,anomaly,tree_feature_importance,1,0.1698520522123681,,
Trade_Balance,anomaly,tree_shap_abs,1,80.21481240500522,,
Trade_Balance,anomaly,tree_permutation_importance,2,-0.02486391225596296,,
Trade_Balance,anomaly,tree_feature_importance,2,0.053318622298452585,,
Trade_Balance,anomaly,tree_shap_abs,2,37.520642479332295,,
Trade_Balance,anomaly,tree_permutation_importance,3,0.01627425949864858,,
Trade_Balance,anomaly,tree_feature_importance,3,0.19808323259176763,,
Trade_Balance,anomaly,tree_shap_abs,3,223.60325715654986,,
Trade_Balance,anomaly,tree_permutation_importance,4,-0.07666307627038,,
Trade_Balance,anomaly,tree_feature_importance,4,0.15144069955146247,,
Trade_Balance,anomaly,tree_shap_abs,4,185.05338653839095,,
Trade_Balance,anomaly,tree_permutation_importance,5,0.1270314805050728,,
Trade_Balance,anomaly,tree_feature_importance,5,0.11180731965351935,,
Trade_Balance,anomaly,tree_shap_abs,5,148.0035279840552,,
Trade_Balance,anomaly,tree_permutation_importance,6,0.019035949719451706,,
Trade_Balance,anomaly,tree_feature_importance,6,0.03580842228372093,,
Trade_Balance,anomaly,tree_shap_abs,6,24.873113214634735,,
Current_Account,full,cross_correlation,0,0.02151065204489347,0.7299308264406671,
Current_Account,full,cross_correlation,1,0.07735095758070655,0.21383087530814737,
Current_Account,full,cross_correlation,2,-0.01889084745456579,0.7617640299466986,
Current_Account,full,cross_correlation,3,0.006176301190722202,0.9210501786576273,
Current_Account,full,cross_correlation,4,0.08577993565272744,0.16788290628548855,
Current_Account,full,cross_correlation,5,-0.13150729327076033,0.03404929666000851,
Current_Account,full,cross_correlation,6,0.09965316766995636,0.1089104783216687,
Current_Account,full,distributed_lag_ols,1,5636.752856048519,0.3441680634904576,0.9459618136129189
Current_Account,full,distributed_lag_ols,2,1978.10690725456,0.4784686967719911,0.7087676165259366
Current_Account,full,distributed_lag_ols,3,407.7900933366619,0.8975909438369667,0.12870517067433498
Current_Account,full,distributed_lag_ols,4,5619.568103393462,0.10290564173918564,1.6309273889368716
Current_Account,full,distributed_lag_ols,5,-5786.035098730188,0.2535274146399903,-1.1418234458222842
Current_Account,full,distributed_lag_ols,6,2688.13326326221,0.4974038343992102,0.6785802907875129
Current_Account,full,elasticnet_abs_coef,1,0.06171374835158424,,
Current_Account,full,elasticnet_abs_coef,2,0.002683253418304036,,
Current_Account,full,elasticnet_abs_coef,3,0.0,,
Current_Account,full,elasticnet_abs_coef,4,0.06136086613035603,,
Current_Account,full,elasticnet_abs_coef,5,0.06975267660393675,,
Current_Account,full,elasticnet_abs_coef,6,0.023168386777150628,,
Current_Account,full,tree_permutation_importance,1,-0.012716833482521128,,
Current_Account,full,tree_feature_importance,1,0.08433704315167517,,
Current_Account,full,tree_shap_abs,1,89.87418608668979,,
Current_Account,full,tree_permutation_importance,2,0.037965179959264496,,
Current_Account,full,tree_feature_importance,2,0.08525389231986213,,
Current_Account,full,tree_shap_abs,2,53.928993619526715,,
Current_Account,full,tree_permutation_importance,3,0.035507228786534874,,
Current_Account,full,tree_feature_importance,3,0.07598719387653531,,
Current_Account,full,tree_shap_abs,3,85.26337652480201,,
Current_Account,full,tree_permutation_importance,4,0.02352288264680269,,
Current_Account,full,tree_feature_importance,4,0.07749013500048249,,
Current_Account,full,tree_shap_abs,4,70.26318903761371,,
Current_Account,full,tree_permutation_importance,5,-0.030954291611445604,,
Current_Account,full,tree_feature_importance,5,0.11115609266000823,,
Current_Account,full,tree_shap_abs,5,187.16422853752672,,
Current_Account,full,tree_permutation_importance,6,0.052758080335438516,,
Current_Account,full,tree_feature_importance,6,0.08181252687938545,,
Current_Account,full,tree_shap_abs,6,55.6394747891953,,
Current_Account,anomaly,cross_correlation,0,-0.11260611580985422,0.3835395427285546,
Current_Account,anomaly,cross_correlation,1,0.30452209532821356,0.01610754648840058,
Current_Account,anomaly,cross_correlation,2,-0.12143800335013127,0.3470995927421495,
Current_Account,anomaly,cross_correlation,3,0.014253203682124004,0.9124479250785895,
Current_Account,anomaly,cross_correlation,4,0.14613537991623654,0.2570669694268771,
Current_Account,anomaly,cross_correlation,5,0.08539088469315638,0.5093231358826557,
Current_Account,anomaly,cross_correlation,6,-0.07897771576862699,0.5417493772178491,
Current_Account,anomaly,distributed_lag_ols,1,13431.605283823119,0.04771622228125252,1.9798870463769447
Current_Account,anomaly,distributed_lag_ols,2,1049.6570172342053,0.7957205072072318,0.2588894904761252
Current_Account,anomaly,distributed_lag_ols,3,1071.7834930321753,0.7892229734854224,0.2673197605467692
Current_Account,anomaly,distributed_lag_ols,4,6827.6848663266255,0.09902080913201675,1.6496193777274655
Current_Account,anomaly,distributed_lag_ols,5,7947.391430560732,0.07737647516527164,1.7661154904599619
Current_Account,anomaly,distributed_lag_ols,6,-2822.8240608131014,0.31708468188812866,-1.0004667479701155
Current_Account,anomaly,elasticnet_abs_coef,1,0.10503255710002911,,
Current_Account,anomaly,elasticnet_abs_coef,2,0.0,,
Current_Account,anomaly,elasticnet_abs_coef,3,0.0,,
Current_Account,anomaly,elasticnet_abs_coef,4,0.005593799943760065,,
Current_Account,anomaly,elasticnet_abs_coef,5,0.0,,
Current_Account,anomaly,elasticnet_abs_coef,6,0.0,,
Current_Account,anomaly,tree_permutation_importance,1,0.019069044843845927,,
Current_Account,anomaly,tree_feature_importance,1,0.14780037482573116,,
Current_Account,anomaly,tree_shap_abs,1,93.42118096051712,,
Current_Account,anomaly,tree_permutation_importance,2,0.033078471820183794,,
Current_Account,anomaly,tree_feature_importance,2,0.04973248182008004,,
Current_Account,anomaly,tree_shap_abs,2,33.663560406538636,,
Current_Account,anomaly,tree_permutation_importance,3,-0.060222149144710045,,
Current_Account,anomaly,tree_feature_importance,3,0.11407044981122688,,
Current_Account,anomaly,tree_shap_abs,3,215.05098106605257,,
Current_Account,anomaly,tree_permutation_importance,4,-0.0381578928563999,,
Current_Account,anomaly,tree_feature_importance,4,0.13875257958089793,,
Current_Account,anomaly,tree_shap_abs,4,199.89630391442026,,
Current_Account,anomaly,tree_permutation_importance,5,0.10547209460068536,,
Current_Account,anomaly,tree_feature_importance,5,0.07703784268542134,,
Current_Account,anomaly,tree_shap_abs,5,159.8299720157608,,
Current_Account,anomaly,tree_permutation_importance,6,0.0258079994828484,,
Current_Account,anomaly,tree_feature_importance,6,0.041920197102187313,,
Current_Account,anomaly,tree_shap_abs,6,60.053701881266235,,
CPI_KOR,full,cross_correlation,0,0.050001720561317374,0.42114954351241174,
CPI_KOR,full,cross_correlation,1,0.03138115237771798,0.6137913881240689,
CPI_KOR,full,cross_correlation,2,-0.05558878048612863,0.3710835895824552,
CPI_KOR,full,cross_correlation,3,-0.03685872356400602,0.5533054954812975,
CPI_KOR,full,cross_correlation,4,0.014361538277111731,0.8173800534244283,
CPI_KOR,full,cross_correlation,5,-0.03163244518282933,0.6109539603348794,
CPI_KOR,full,cross_correlation,6,0.052479678700211446,0.3984751522680478,
CPI_KOR,full,distributed_lag_ols,1,0.0007428195706259596,0.8852964938005686,0.14425831492955055
CPI_KOR,full,distributed_lag_ols,2,-0.006640285481691475,0.26256610101639155,-1.1203465770024343
CPI_KOR,full,distributed_lag_ols,3,-0.0029600357606673904,0.5210892202204713,-0.6416673079505745
CPI_KOR,full,distributed_lag_ols,4,0.00200613158367947,0.7112398282086225,0.37019147481991754
CPI_KOR,full,distributed_lag_ols,5,-0.0029450749202253766,0.6753184085008661,-0.41886005926137515
CPI_KOR,full,distributed_lag_ols,6,0.006301786981815859,0.33810351234050395,0.9579191833285633
CPI_KOR,full,elasticnet_abs_coef,1,0.0,,
CPI_KOR,full,elasticnet_abs_coef,2,0.0,,
CPI_KOR,full,elasticnet_abs_coef,3,0.0,,
CPI_KOR,full,elasticnet_abs_coef,4,0.0,,
CPI_KOR,full,elasticnet_abs_coef,5,0.0,,
CPI_KOR,full,elasticnet_abs_coef,6,0.0,,
CPI_KOR,full,tree_permutation_importance,1,0.07077757801593061,,
CPI_KOR,full,tree_feature_importance,1,0.11520369660187932,,
CPI_KOR,full,tree_shap_abs,1,6.961509640817129e-05,,
CPI_KOR,full,tree_permutation_importance,2,0.005301585766413597,,
CPI_KOR,full,tree_feature_importance,2,0.09817069984816547,,
CPI_KOR,full,tree_shap_abs,2,0.0001067723824332708,,
CPI_KOR,full,tree_permutation_importance,3,-0.08988182451728252,,
CPI_KOR,full,tree_feature_importance,3,0.11791317578206263,,
CPI_KOR,full,tree_shap_abs,3,0.00015320832775902557,,
CPI_KOR,full,tree_permutation_importance,4,-0.06805853251228038,,
CPI_KOR,full,tree_feature_importance,4,0.12428354376451205,,
CPI_KOR,full,tree_shap_abs,4,0.0001343046172937335,,
CPI_KOR,full,tree_permutation_importance,5,-0.013552178056424547,,
CPI_KOR,full,tree_feature_importance,5,0.1496896998365097,,
CPI_KOR,full,tree_shap_abs,5,0.00023450416189302008,,
CPI_KOR,full,tree_permutation_importance,6,0.031896082796597724,,
CPI_KOR,full,tree_feature_importance,6,0.10127270912249438,,
CPI_KOR,full,tree_shap_abs,6,0.00015800767771717792,,
CPI_KOR,anomaly,cross_correlation,0,-0.08750998074069632,0.4952453192139736,
CPI_KOR,anomaly,cross_correlation,1,0.14154493775026272,0.2684829398812183,
CPI_KOR,anomaly,cross_correlation,2,-0.09316890742748114,0.46766793995647543,
CPI_KOR,anomaly,cross_correlation,3,-0.06566855632987129,0.6091109384665306,
CPI_KOR,anomaly,cross_correlation,4,-0.0022966564792730676,0.9857472496272767,
CPI_KOR,anomaly,cross_correlation,5,0.022810261956608267,0.8591562349421898,
CPI_KOR,anomaly,cross_correlation,6,0.2550469292671428,0.04366101003040208,
CPI_KOR,anomaly,distributed_lag_ols,1,0.007527280969418151,0.2769027961578595,1.0873032875944448
CPI_KOR,anomaly,distributed_lag_ols,2,-0.0094864644137655,0.15177970926729706,-1.4332734396660034
CPI_KOR,anomaly,distributed_lag_ols,3,-0.0043947619313513915,0.3091151946303251,-1.0170803765397423
CPI_KOR,anomaly,distributed_lag_ols,4,-0.00015603640012468463,0.979688502647885,-0.02545943690945133
CPI_KOR,anomaly,distributed_lag_ols,5,0.0036038349593164806,0.6581544712735801,0.4424626236003298
CPI_KOR,anomaly,distributed_lag_ols,6,0.015861563147920647,5.3014311102614835e-06,4.552491469916932
CPI_KOR,anomaly,elasticnet_abs_coef,1,0.0,,
CPI_KOR,anomaly,elasticnet_abs_coef,2,0.0,,
CPI_KOR,anomaly,elasticnet_abs_coef,3,0.0,,
CPI_KOR,anomaly,elasticnet_abs_coef,4,0.0,,
CPI_KOR,anomaly,elasticnet_abs_coef,5,0.0,,
CPI_KOR,anomaly,elasticnet_abs_coef,6,0.0640175673264735,,
CPI_KOR,anomaly,tree_permutation_importance,1,-0.03712431598306416,,
CPI_KOR,anomaly,tree_feature_importance,1,0.11703688495388273,,
CPI_KOR,anomaly,tree_shap_abs,1,0.00011796344082795076,,
CPI_KOR,anomaly,tree_permutation_importance,2,-0.16198156987354778,,
CPI_KOR,anomaly,tree_feature_importance,2,0.10592883244657815,,
CPI_KOR,anomaly,tree_shap_abs,2,0.0001597917756010881,,
CPI_KOR,anomaly,tree_permutation_importance,3,-0.005050004433558608,,
CPI_KOR,anomaly,tree_feature_importance,3,0.07941498894349654,,
CPI_KOR,anomaly,tree_shap_abs,3,9.344498041598705e-05,,
CPI_KOR,anomaly,tree_permutation_importance,4,0.005551884224533632,,
CPI_KOR,anomaly,tree_feature_importance,4,0.0869399200897178,,
CPI_KOR,anomaly,tree_shap_abs,4,0.0001050355946834103,,
CPI_KOR,anomaly,tree_permutation_importance,5,0.02272557708609433,,
CPI_KOR,anomaly,tree_feature_importance,5,0.14622329830822273,,
CPI_KOR,anomaly,tree_shap_abs,5,0.00017407987110396362,,
CPI_KOR,anomaly,tree_permutation_importance,6,0.050901650034774606,,
CPI_KOR,anomaly,tree_feature_importance,6,0.1538290603478702,,
CPI_KOR,anomaly,tree_shap_abs,6,0.00017058439033605462,,
Import_Price_Index,full,cross_correlation,0,0.24644964577822306,0.000208363838227187,
Import_Price_Index,full,cross_correlation,1,0.1458246607681749,0.029848350189306525,
Import_Price_Index,full,cross_correlation,2,-0.20788279864169806,0.0018457677573632757,
Import_Price_Index,full,cross_correlation,3,-0.17234680204888858,0.01009107070326695,
Import_Price_Index,full,cross_correlation,4,0.034797659765481694,0.6060620324415465,
Import_Price_Index,full,cross_correlation,5,-0.006673118947732544,0.9212438395254443,
Import_Price_Index,full,cross_correlation,6,-0.11886880864649746,0.07716487003056982,
Import_Price_Index,full,distributed_lag_ols,1,0.05053613848593169,0.281683005822023,1.0765462998269164
Import_Price_Index,full,distributed_lag_ols,2,-0.20608611456703438,3.363613302183e-05,-4.147339348818972
Import_Price_Index,full,distributed_lag_ols,3,-0.11003446001506845,0.010739731165069676,-2.5510552088516256
Import_Price_Index,full,distributed_lag_ols,4,0.031284760610524154,0.6483573751274185,0.4560453394130327
Import_Price_Index,full,distributed_lag_ols,5,-0.0013044034863594145,0.9778489792833307,-0.027765754616174393
Import_Price_Index,full,distributed_lag_ols,6,-0.08879322973798655,0.0905707988649243,-1.6923944027363218
Import_Price_Index,full,elasticnet_abs_coef,1,0.0,,
Import_Price_Index,full,elasticnet_abs_coef,2,0.09992692534342563,,
Import_Price_Index,full,elasticnet_abs_coef,3,0.03353079528663786,,
Import_Price_Index,full,elasticnet_abs_coef,4,0.0,,
Import_Price_Index,full,elasticnet_abs_coef,5,0.0,,
Import_Price_Index,full,elasticnet_abs_coef,6,0.0,,
Import_Price_Index,full,tree_permutation_importance,1,0.02905321475293472,,
Import_Price_Index,full,tree_feature_importance,1,0.1766259644208695,,
Import_Price_Index,full,tree_shap_abs,1,0.0031060309862200636,,
Import_Price_Index,full,tree_permutation_importance,2,-0.0248139421771816,,
Import_Price_Index,full,tree_feature_importance,2,0.19737685251600876,,
Import_Price_Index,full,tree_shap_abs,2,0.0021257395715413574,,
Import_Price_Index,full,tree_permutation_importance,3,-0.010839863257716954,,
Import_Price_Index,full,tree_feature_importance,3,0.09756630526838093,,
Import_Price_Index,full,tree_shap_abs,3,0.0007212644552032154,,
Import_Price_Index,full,tree_permutation_importance,4,-0.005215670302119224,,
Import_Price_Index,full,tree_feature_importance,4,0.09495542632428743,,
Import_Price_Index,full,tree_shap_abs,4,0.00044502833418059735,,
Import_Price_Index,full,tree_permutation_importance,5,0.02265156878586927,,
Import_Price_Index,full,tree_feature_importance,5,0.10982202079852373,,
Import_Price_Index,full,tree_shap_abs,5,0.0010158003040217328,,
Import_Price_Index,full,tree_permutation_importance,6,0.003354658055295956,,
Import_Price_Index,full,tree_feature_importance,6,0.08215576501909141,,
Import_Price_Index,full,tree_shap_abs,6,0.0009968784366007585,,
Industrial_Production,full,cross_correlation,0,0.04425580827552603,0.47653192393138893,
Industrial_Production,full,cross_correlation,1,-0.12553631688827094,0.04272484473074029,
Industrial_Production,full,cross_correlation,2,-0.11958574371748461,0.05365348857818862,
Industrial_Production,full,cross_correlation,3,-0.04419900768679322,0.4770984957082944,
Industrial_Production,full,cross_correlation,4,-0.0823778173534943,0.1846005068569196,
Industrial_Production,full,cross_correlation,5,0.19205278801607845,0.0018277536783592421,
Industrial_Production,full,cross_correlation,6,-0.11427386316117243,0.06528050669286384,
Industrial_Production,full,distributed_lag_ols,1,-0.05102909692594578,0.1781347938474913,-1.3465202511800158
Industrial_Production,full,distributed_lag_ols,2,-0.07482579488805585,0.008455271654919773,-2.633327729601477
Industrial_Production,full,distributed_lag_ols,3,-0.03982869124327931,0.15556467289199116,-1.4201477447531483
Industrial_Production,full,distributed_lag_ols,4,-0.040590336297612384,0.031458294162185485,-2.151226908086207
Industrial_Production,full,distributed_lag_ols,5,0.06231562280836995,0.08630416278257638,1.7152240191054708
Industrial_Production,full,distributed_lag_ols,6,-0.016508511219507117,0.42935322717430424,-0.7902989032610725
Industrial_Production,full,elasticnet_abs_coef,1,0.0,,
Industrial_Production,full,elasticnet_abs_coef,2,0.0065181625231467725,,
Industrial_Production,full,elasticnet_abs_coef,3,0.0,,
Industrial_Production,full,elasticnet_abs_coef,4,0.0,,
Industrial_Production,full,elasticnet_abs_coef,5,0.03968829997454416,,
Industrial_Production,full,elasticnet_abs_coef,6,0.0,,
Industrial_Production,full,tree_permutation_importance,1,-0.006538399254630534,,
Industrial_Production,full,tree_feature_importance,1,0.0994325968524159,,
Industrial_Production,full,tree_shap_abs,1,0.00032441772517623804,,
Industrial_Production,full,tree_permutation_importance,2,-0.031908766391783805,,
Industrial_Production,full,tree_feature_importance,2,0.13482640006321603,,
Industrial_Production,full,tree_shap_abs,2,0.0006150737651665035,,
Industrial_Production,full,tree_permutation_importance,3,0.00013743947087133668,,
Industrial_Production,full,tree_feature_importance,3,0.12225737872341606,,
Industrial_Production,full,tree_shap_abs,3,0.00043330193281428017,,
Industrial_Production,full,tree_permutation_importance,4,-0.005166633749063554,,
Industrial_Production,full,tree_feature_importance,4,0.09374377404446714,,
Industrial_Production,full,tree_shap_abs,4,0.0003760908539493251,,
Industrial_Production,full,tree_permutation_importance,5,0.08125345417312232,,
Industrial_Production,full,tree_feature_importance,5,0.15708497888822126,,
Industrial_Production,full,tree_shap_abs,5,0.0009854530750288395,,
Industrial_Production,full,tree_permutation_importance,6,0.019485607662878303,,
Industrial_Production,full,tree_feature_importance,6,0.08527330810889328,,
Industrial_Production,full,tree_shap_abs,6,0.0004434842547743304,,
Industrial_Production,anomaly,cross_correlation,0,0.05012467668667608,0.6964398954472207,
Industrial_Production,anomaly,cross_correlation,1,-0.36740552227208867,0.003055022721872379,
Industrial_Production,anomaly,cross_correlation,2,-0.18153101985522577,0.15448541511914796,
Industrial_Production,anomaly,cross_correlation,3,-0.036582235859079285,0.7759174530580726,
Industrial_Production,anomaly,cross_correlation,4,-0.05709761065079174,0.6566913335757422,
Industrial_Production,anomaly,cross_correlation,5,0.3297765413632281,0.008305684538701652,
Industrial_Production,anomaly,cross_correlation,6,-0.11194498341936795,0.3823944606241177,
Industrial_Production,anomaly,distributed_lag_ols,1,-0.14125909106013748,6.409252908078257e-06,-4.5124186214206015
Industrial_Production,anomaly,distributed_lag_ols,2,-0.11875838121229734,0.0015085533731765723,-3.173033075715784
Industrial_Production,anomaly,distributed_lag_ols,3,-0.03951040211360349,0.2821559142414256,-1.0754888663339803
Industrial_Production,anomaly,distributed_lag_ols,4,-0.006685017181033807,0.764980252904599,-0.29894730430235755
Industrial_Production,anomaly,distributed_lag_ols,5,0.1256435765316419,0.017990773056956,2.365807973821623
Industrial_Production,anomaly,distributed_lag_ols,6,0.016736705490931623,0.6118079750906074,0.5074943851298903
Industrial_Production,anomaly,elasticnet_abs_coef,1,0.10693139778738174,,
Industrial_Production,anomaly,elasticnet_abs_coef,2,0.009998113845485653,,
Industrial_Production,anomaly,elasticnet_abs_coef,3,0.0,,
Industrial_Production,anomaly,elasticnet_abs_coef,4,0.0,,
Industrial_Production,anomaly,elasticnet_abs_coef,5,0.08593501956370111,,
Industrial_Production,anomaly,elasticnet_abs_coef,6,0.0,,
Industrial_Production,anomaly,tree_permutation_importance,1,0.029834243596197896,,
Industrial_Production,anomaly,tree_feature_importance,1,0.2623462932129474,,
Industrial_Production,anomaly,tree_shap_abs,1,0.0011086444203418895,,
Industrial_Production,anomaly,tree_permutation_importance,2,0.023499527114815278,,
Industrial_Production,anomaly,tree_feature_importance,2,0.11928339047562185,,
Industrial_Production,anomaly,tree_shap_abs,2,0.0006293418113037055,,
Industrial_Production,anomaly,tree_permutation_importance,3,0.017433761784885694,,
Industrial_Production,anomaly,tree_feature_importance,3,0.12231440084195457,,
Industrial_Production,anomaly,tree_shap_abs,3,0.0006824820881154958,,
Industrial_Production,anomaly,tree_permutation_importance,4,0.05906641824370079,,
Industrial_Production,anomaly,tree_feature_importance,4,0.09039413212557769,,
Industrial_Production,anomaly,tree_shap_abs,4,0.0007285779110259581,,
Industrial_Production,anomaly,tree_permutation_importance,5,-0.007049670524835283,,
Industrial_Production,anomaly,tree_feature_importance,5,0.23055239666844687,,
Industrial_Production,anomaly,tree_shap_abs,5,0.0013074435569270823,,
Industrial_Production,anomaly,tree_permutation_importance,6,-0.011560053420111526,,
Industrial_Production,anomaly,tree_feature_importance,6,0.07915062249334144,,
Industrial_Production,anomaly,tree_shap_abs,6,0.0005880155474499965,,
Unemployment_KOR,full,cross_correlation,0,-0.030070635935335016,0.6293461854615431,
Unemployment_KOR,full,cross_correlation,1,0.02592972252930589,0.6772932049204482,
Unemployment_KOR,full,cross_correlation,2,0.030576708643770927,0.6235864642798485,
Unemployment_KOR,full,cross_correlation,3,0.02550713933591464,0.6822643831663036,
Unemployment_KOR,full,cross_correlation,4,0.02826209388439669,0.6501114191572586,
Unemployment_KOR,full,cross_correlation,5,-0.02534286200136633,0.6842006273608832,
Unemployment_KOR,full,cross_correlation,6,-0.01629117904390815,0.7937539861205596,
Unemployment_KOR,full,distributed_lag_ols,1,0.12519652601419645,0.6238872119957042,0.49034864229827063
Unemployment_KOR,full,distributed_lag_ols,2,0.23219593636336314,0.3831671781786812,0.8720755231552655
Unemployment_KOR,full,distributed_lag_ols,3,0.21175578779689042,0.3037338666245586,1.028459214561844
Unemployment_KOR,full,distributed_lag_ols,4,0.1913848915694104,0.567033461801838,0.5724259171410319
Unemployment_KOR,full,distributed_lag_ols,5,-0.08240002188377285,0.7720852604971347,-0.2896483674025761
Unemployment_KOR,full,distributed_lag_ols,6,-0.12050200563509188,0.6945909093624745,-0.3926325304382813
Unemployment_KOR,full,elasticnet_abs_coef,1,0.0,,
Unemployment_KOR,full,elasticnet_abs_coef,2,0.0,,
Unemployment_KOR,full,elasticnet_abs_coef,3,0.0,,
Unemployment_KOR,full,elasticnet_abs_coef,4,0.0,,
Unemployment_KOR,full,elasticnet_abs_coef,5,0.0,,
Unemployment_KOR,full,elasticnet_abs_coef,6,0.0,,
Unemployment_KOR,full,tree_permutation_importance,1,0.033712027470886106,,
Unemployment_KOR,full,tree_feature_importance,1,0.1075883359515656,,
Unemployment_KOR,full,tree_shap_abs,1,0.004071700060822978,,
Unemployment_KOR,full,tree_permutation_importance,2,0.027657455595951418,,
Unemployment_KOR,full,tree_feature_importance,2,0.12471084125502026,,
Unemployment_KOR,full,tree_shap_abs,2,0.004989179264551271,,
Unemployment_KOR,full,tree_permutation_importance,3,0.022332182555362835,,
Unemployment_KOR,full,tree_feature_importance,3,0.10432553567951539,,
Unemployment_KOR,full,tree_shap_abs,3,0.004974427272802873,,
Unemployment_KOR,full,tree_permutation_importance,4,0.09086719381899469,,
Unemployment_KOR,full,tree_feature_importance,4,0.13833813738793863,,
Unemployment_KOR,full,tree_shap_abs,4,0.00995633423781962,,
Unemployment_KOR,full,tree_permutation_importance,5,0.008289881398699605,,
Unemployment_KOR,full,tree_feature_importance,5,0.11499724462469235,,
Unemployment_KOR,full,tree_shap_abs,5,0.008681969514196036,,
Unemployment_KOR,full,tree_permutation_importance,6,0.07227709544891903,,
Unemployment_KOR,full,tree_feature_importance,6,0.1349656814740322,,
Unemployment_KOR,full,tree_shap_abs,6,0.00758455068848776,,
Unemployment_KOR,anomaly,cross_correlation,0,0.09794881944475922,0.44882345897108455,
Unemployment_KOR,anomaly,cross_correlation,1,-0.005261361055839358,0.9676266148803342,
Unemployment_KOR,anomaly,cross_correlation,2,0.07410906212614156,0.5670185650174261,
Unemployment_KOR,anomaly,cross_correlation,3,-0.012172387220271376,0.9251898946420807,
Unemployment_KOR,anomaly,cross_correlation,4,0.1685321479390326,0.19039694711551258,
Unemployment_KOR,anomaly,cross_correlation,5,-0.011682326025035225,0.9281936490772915,
Unemployment_KOR,anomaly,cross_correlation,6,0.06445277474960336,0.6187015068248641,
Unemployment_KOR,anomaly,distributed_lag_ols,1,-0.07549276960430629,0.8033695926588507,-0.24898860905009498
Unemployment_KOR,anomaly,distributed_lag_ols,2,0.28338587838678103,0.18799150086792327,1.3165440583847035
Unemployment_KOR,anomaly,distributed_lag_ols,3,0.018732569211479796,0.9433372833999237,0.07107598200423042
Unemployment_KOR,anomaly,distributed_lag_ols,4,0.6238852644057082,0.021051097697934076,2.3070667773643434
Unemployment_KOR,anomaly,distributed_lag_ols,5,0.061233616059485636,0.8054465214313926,0.2463045068548072
Unemployment_KOR,anomaly,distributed_lag_ols,6,0.26743330422884204,0.5073392585191282,0.6629864090408228
Unemployment_KOR,anomaly,elasticnet_abs_coef,1,0.0,,
Unemployment_KOR,anomaly,elasticnet_abs_coef,2,0.021134827586545783,,
Unemployment_KOR,anomaly,elasticnet_abs_coef,3,0.0,,
Unemployment_KOR,anomaly,elasticnet_abs_coef,4,0.09365999709123231,,
Unemployment_KOR,anomaly,elasticnet_abs_coef,5,0.0,,
Unemployment_KOR,anomaly,elasticnet_abs_coef,6,0.01242566638069869,,
Unemployment_KOR,anomaly,tree_permutation_importance,1,-0.2034519219652692,,
Unemployment_KOR,anomaly,tree_feature_importance,1,0.15574631544346745,,
Unemployment_KOR,anomaly,tree_shap_abs,1,0.012706509136764157,,
Unemployment_KOR,anomaly,tree_permutation_importance,2,0.09110742877221492,,
Unemployment_KOR,anomaly,tree_feature_importance,2,0.1302922109670652,,
Unemployment_KOR,anomaly,tree_shap_abs,2,0.005616057285951067,,
Unemployment_KOR,anomaly,tree_permutation_importance,3,-0.0514642598448213,,
Unemployment_KOR,anomaly,tree_feature_importance,3,0.14019101548246146,,
Unemployment_KOR,anomaly,tree_shap_abs,3,0.009650454934656936,,
Unemployment_KOR,anomaly,tree_permutation_importance,4,-0.016173508233858346,,
Unemployment_KOR,anomaly,tree_feature_importance,4,0.18217205780100476,,
Unemployment_KOR,anomaly,tree_shap_abs,4,0.013641385874668047,,
Unemployment_KOR,anomaly,tree_permutation_importance,5,-0.027398944342719167,,
Unemployment_KOR,anomaly,tree_feature_importance,5,0.17048202833606693,,
Unemployment_KOR,anomaly,tree_shap_abs,5,0.010301945516688922,,
Unemployment_KOR,anomaly,tree_permutation_importance,6,0.06875533713917037,,
Unemployment_KOR,anomaly,tree_feature_importance,6,0.09976971347907196,,
Unemployment_KOR,anomaly,tree_shap_abs,6,0.006115099696073745,,
Policy_Rate_KOR,full,cross_correlation,0,-0.01691668746402402,0.7856180770011932,
Policy_Rate_KOR,full,cross_correlation,1,-0.16162955779846994,0.008899417065234713,
Policy_Rate_KOR,full,cross_correlation,2,-0.11688747571077567,0.059324585362011115,
Policy_Rate_KOR,full,cross_correlation,3,-0.11228340192020736,0.07013805654167106,
Policy_Rate_KOR,full,cross_correlation,4,-0.12704402238538692,0.04027424895755053,
Policy_Rate_KOR,full,cross_correlation,5,-0.027411579974909454,0.6593542690436104,
Policy_Rate_KOR,full,cross_correlation,6,-0.0179264310228435,0.7731604044517039,
Policy_Rate_KOR,full,distributed_lag_ols,1,-0.7814770497050076,0.20883806470845045,-1.25676687337231
Policy_Rate_KOR,full,distributed_lag_ols,2,-0.49624635059485456,0.2742547561665777,-1.0933167384589677
Policy_Rate_KOR,full,distributed_lag_ols,3,-0.5225341492673001,0.336675361085791,-0.9607550171029181
Policy_Rate_KOR,full,distributed_lag_ols,4,-0.5148001168869496,0.22186382199407306,-1.2215870665909807
Policy_Rate_KOR,full,distributed_lag_ols,5,-0.04852477959960144,0.8044816709779943,-0.2475512017127715
Policy_Rate_KOR,full,distributed_lag_ols,6,-0.03433905183899806,0.8339199961568164,-0.2096767202909965
Policy_Rate_KOR,full,elasticnet_abs_coef,1,0.0,,
Policy_Rate_KOR,full,elasticnet_abs_coef,2,0.0,,
Policy_Rate_KOR,full,elasticnet_abs_coef,3,0.0,,
Policy_Rate_KOR,full,elasticnet_abs_coef,4,0.0,,
Policy_Rate_KOR,full,elasticnet_abs_coef,5,0.0,,
Policy_Rate_KOR,full,elasticnet_abs_coef,6,0.0,,
Policy_Rate_KOR,full,tree_permutation_importance,1,0.0559447243914031,,
Policy_Rate_KOR,full,tree_feature_importance,1,0.2903336101479144,,
Policy_Rate_KOR,full,tree_shap_abs,1,0.0061855598584818995,,
Policy_Rate_KOR,full,tree_permutation_importance,2,-0.019153178770554093,,
Policy_Rate_KOR,full,tree_feature_importance,2,0.17686970620591433,,
Policy_Rate_KOR,full,tree_shap_abs,2,0.006626765535324917,,
Policy_Rate_KOR,full,tree_permutation_importance,3,-0.00973831580412523,,
Policy_Rate_KOR,full,tree_feature_importance,3,0.1534567776928003,,
Policy_Rate_KOR,full,tree_shap_abs,3,0.004822300775973413,,
Policy_Rate_KOR,full,tree_permutation_importance,4,0.017378467294708468,,
Policy_Rate_KOR,full,tree_feature_importance,4,0.11533535930737616,,
Policy_Rate_KOR,full,tree_shap_abs,4,0.004398993360692135,,
Policy_Rate_KOR,full,tree_permutation_importance,5,0.02111769818168261,,
Policy_Rate_KOR,full,tree_feature_importance,5,0.10153597558092432,,
Policy_Rate_KOR,full,tree_shap_abs,5,0.010977221137495628,,
Policy_Rate_KOR,full,tree_permutation_importance,6,-0.02965612422906243,,
Policy_Rate_KOR,full,tree_feature_importance,6,0.08011128840678537,,
Policy_Rate_KOR,full,tree_shap_abs,6,0.004505816575007399,,
Policy_Rate_KOR,anomaly,cross_correlation,0,-0.028178135077377132,0.8264772884350834,
Policy_Rate_KOR,anomaly,cross_correlation,1,-0.3507258820027505,0.004829758290246569,
Policy_Rate_KOR,anomaly,cross_correlation,2,-0.23702481269687506,0.061427927103231444,
Policy_Rate_KOR,anomaly,cross_correlation,3,-0.2522047830242859,0.046142268628923025,
Policy_Rate_KOR,anomaly,cross_correlation,4,-0.235868521999136,0.06274264133728322,
Policy_Rate_KOR,anomaly,cross_correlation,5,-0.10004153804440828,0.4353236802523886,
Policy_Rate_KOR,anomaly,cross_correlation,6,0.01015151171725359,0.9370615630494779,
Policy_Rate_KOR,anomaly,distributed_lag_ols,1,-1.7766560496659902,0.008377685579699558,-2.6364568448610544
Policy_Rate_KOR,anomaly,distributed_lag_ols,2,-1.278215709085311,0.08890899520994817,-1.7011810494774648
Policy_Rate_KOR,anomaly,distributed_lag_ols,3,-1.5178863643364204,0.07666610425858182,-1.7703665141871514
Policy_Rate_KOR,anomaly,distributed_lag_ols,4,-0.9646388343974531,0.09124942639488869,-1.6888434933655438
Policy_Rate_KOR,anomaly,distributed_lag_ols,5,-0.31554412375776303,0.23167270197304413,-1.1960611370261085
Policy_Rate_KOR,anomaly,distributed_lag_ols,6,0.42386941132269873,0.2830903256925619,1.0734030298619432
Policy_Rate_KOR,anomaly,elasticnet_abs_coef,1,0.0961437026274789,,
Policy_Rate_KOR,anomaly,elasticnet_abs_coef,2,0.022280985086026692,,
Policy_Rate_KOR,anomaly,elasticnet_abs_coef,3,0.03615478611244044,,
Policy_Rate_KOR,anomaly,elasticnet_abs_coef,4,0.01435871599126283,,
Policy_Rate_KOR,anomaly,elasticnet_abs_coef,5,0.0,,
Policy_Rate_KOR,anomaly,elasticnet_abs_coef,6,0.0,,
Policy_Rate_KOR,anomaly,tree_permutation_importance,1,-0.19791716434382783,,
Policy_Rate_KOR,anomaly,tree_feature_importance,1,0.3997381749455897,,
Policy_Rate_KOR,anomaly,tree_shap_abs,1,0.023022238371885047,,
Policy_Rate_KOR,anomaly,tree_permutation_importance,2,-0.07313441931645674,,
Policy_Rate_KOR,anomaly,tree_feature_importance,2,0.2203506406168199,,
Policy_Rate_KOR,anomaly,tree_shap_abs,2,0.01606045124556958,,
Policy_Rate_KOR,anomaly,tree_permutation_importance,3,-0.09197731522786037,,
Policy_Rate_KOR,anomaly,tree_feature_importance,3,0.12542972095773858,,
Policy_Rate_KOR,anomaly,tree_shap_abs,3,0.008392944468018592,,
Policy_Rate_KOR,anomaly,tree_permutation_importance,4,0.0032680100068158023,,
Policy_Rate_KOR,anomaly,tree_feature_importance,4,0.07805345623001114,,
Policy_Rate_KOR,anomaly,tree_shap_abs,4,0.0053944974052075306,,
Policy_Rate_KOR,anomaly,tree_permutation_importance,5,-0.18350457932410152,,
Policy_Rate_KOR,anomaly,tree_feature_importance,5,0.03218408565210114,,
Policy_Rate_KOR,anomaly,tree_shap_abs,5,0.004949343586196218,,
Policy_Rate_KOR,anomaly,tree_permutation_importance,6,-0.07801389447059856,,
Policy_Rate_KOR,anomaly,tree_feature_importance,6,0.04933600433816627,,
Policy_Rate_KOR,anomaly,tree_shap_abs,6,0.008924561797090915,,
Policy_Rate_USA,full,cross_correlation,0,-0.13444593143160793,0.02989466673436604,
Policy_Rate_USA,full,cross_correlation,1,-0.1716713901565026,0.005422547668575282,
Policy_Rate_USA,full,cross_correlation,2,-0.11474202668315657,0.06417899802318931,
Policy_Rate_USA,full,cross_correlation,3,-0.03946619940055898,0.5255699761548955,
Policy_Rate_USA,full,cross_correlation,4,0.03069231396626021,0.6215987260379954,
Policy_Rate_USA,full,cross_correlation,5,0.013379632512927803,0.8296685400188643,
Policy_Rate_USA,full,cross_correlation,6,-0.016937687112586797,0.7853584259057204,
Policy_Rate_USA,full,distributed_lag_ols,1,-0.41339908286213867,0.1935300559703298,-1.300206930392378
Policy_Rate_USA,full,distributed_lag_ols,2,0.02201307862895438,0.947652081603236,0.06565552534484861
Policy_Rate_USA,full,distributed_lag_ols,3,0.2144627751969888,0.30860751641935513,1.0181482329802434
Policy_Rate_USA,full,distributed_lag_ols,4,0.3346150513319281,0.09799225110541442,1.6546660807500957
Policy_Rate_USA,full,distributed_lag_ols,5,-0.012690489431588098,0.9432165919432796,-0.07122762969204977
Policy_Rate_USA,full,distributed_lag_ols,6,-0.10587370175426072,0.4610606232673139,-0.7371015062212726
Policy_Rate_USA,full,elasticnet_abs_coef,1,0.0,,
Policy_Rate_USA,full,elasticnet_abs_coef,2,0.0,,
Policy_Rate_USA,full,elasticnet_abs_coef,3,0.0,,
Policy_Rate_USA,full,elasticnet_abs_coef,4,0.0,,
Policy_Rate_USA,full,elasticnet_abs_coef,5,0.0,,
Policy_Rate_USA,full,elasticnet_abs_coef,6,0.0,,
Policy_Rate_USA,full,tree_permutation_importance,1,-0.00014070767128007144,,
Policy_Rate_USA,full,tree_feature_importance,1,0.049657188570703246,,
Policy_Rate_USA,full,tree_shap_abs,1,0.003463924524787765,,
Policy_Rate_USA,full,tree_permutation_importance,2,-0.0030516061646718275,,
Policy_Rate_USA,full,tree_feature_importance,2,0.05309155486475444,,
Policy_Rate_USA,full,tree_shap_abs,2,0.002482704919779599,,
Policy_Rate_USA,full,tree_permutation_importance,3,-0.01653582648655517,,
Policy_Rate_USA,full,tree_feature_importance,3,0.019710380555563012,,
Policy_Rate_USA,full,tree_shap_abs,3,0.0016170710582670425,,
Policy_Rate_USA,full,tree_permutation_importance,4,0.006042653678565979,,
Policy_Rate_USA,full,tree_feature_importance,4,0.029399327459561527,,
Policy_Rate_USA,full,tree_shap_abs,4,0.0029142707769186896,,
Policy_Rate_USA,full,tree_permutation_importance,5,-0.01862670248820584,,
Policy_Rate_USA,full,tree_feature_importance,5,0.028113147357841164,,
Policy_Rate_USA,full,tree_shap_abs,5,0.0020528939534119224,,
Policy_Rate_USA,full,tree_permutation_importance,6,0.027634058312765407,,
Policy_Rate_USA,full,tree_feature_importance,6,0.028270437291215516,,
Policy_Rate_USA,full,tree_shap_abs,6,0.0036343354207290265,,
Policy_Rate_USA,anomaly,cross_correlation,0,-0.19579849213374134,0.12407077642005479,
Policy_Rate_USA,anomaly,cross_correlation,1,-0.33224982474820997,0.007805257587151833,
Policy_Rate_USA,anomaly,cross_correlation,2,-0.32255632069716955,0.009930038696185034,
Policy_Rate_USA,anomaly,cross_correlation,3,-0.026893973578733212,0.8342706563135008,
Policy_Rate_USA,anomaly,cross_correlation,4,0.104674467414616,0.41425033759757307,
Policy_Rate_USA,anomaly,cross_correlation,5,0.003323959641044188,0.9793731114050713,
Policy_Rate_USA,anomaly,cross_correlation,6,0.06385539008677438,0.6190515578387575,
Policy_Rate_USA,anomaly,distributed_lag_ols,1,-1.2325712951633476,0.035477792606879076,-2.102862478208248
Policy_Rate_USA,anomaly,distributed_lag_ols,2,-0.8513251761208912,0.10711779471721934,-1.611284191642735
Policy_Rate_USA,anomaly,distributed_lag_ols,3,0.21804832797918114,0.4387411255557737,0.7743207674990944
Policy_Rate_USA,anomaly,distributed_lag_ols,4,0.6066547469579635,0.055530484141567214,1.9147022683847001
Policy_Rate_USA,anomaly,distributed_lag_ols,5,0.10432457462539423,0.6850396263229535,0.40559578508854016
Policy_Rate_USA,anomaly,distributed_lag_ols,6,0.45116508643838954,0.3490050488159183,0.936520915737315
Policy_Rate_USA,anomaly,elasticnet_abs_coef,1,0.1566269594906735,,
Policy_Rate_USA,anomaly,elasticnet_abs_coef,2,0.12175868176583894,,
Policy_Rate_USA,anomaly,elasticnet_abs_coef,3,0.0,,
Policy_Rate_USA,anomaly,elasticnet_abs_coef,4,0.026426525918462014,,
Policy_Rate_USA,anomaly,elasticnet_abs_coef,5,0.0,,
Policy_Rate_USA,anomaly,elasticnet_abs_coef,6,0.0022253649908817955,,
Policy_Rate_USA,anomaly,tree_permutation_importance,1,0.054003555238524084,,
Policy_Rate_USA,anomaly,tree_feature_importance,1,0.15989808336687733,,
Policy_Rate_USA,anomaly,tree_shap_abs,1,0.010848078503355023,,
Policy_Rate_USA,anomaly,tree_permutation_importance,2,0.06473095217336793,,
Policy_Rate_USA,anomaly,tree_feature_importance,2,0.11787700783865118,,
Policy_Rate_USA,anomaly,tree_shap_abs,2,0.00900221203421896,,
Policy_Rate_USA,anomaly,tree_permutation_importance,3,0.05795153646263072,,
Policy_Rate_USA,anomaly,tree_feature_importance,3,0.03284555149467807,,
Policy_Rate_USA,anomaly,tree_shap_abs,3,0.0031539804639774405,,
Policy_Rate_USA,anomaly,tree_permutation_importance,4,-0.024586982335309083,,
Policy_Rate_USA,anomaly,tree_feature_importance,4,0.04442237691900295,,
Policy_Rate_USA,anomaly,tree_shap_abs,4,0.005352581069204794,,
Policy_Rate_USA,anomaly,tree_permutation_importance,5,-0.01061444278990562,,
Policy_Rate_USA,anomaly,tree_feature_importance,5,0.02789500290095295,,
Policy_Rate_USA,anomaly,tree_shap_abs,5,0.002550608513664684,,
Policy_Rate_USA,anomaly,tree_permutation_importance,6,-0.0679443169331517,,
Policy_Rate_USA,anomaly,tree_feature_importance,6,0.11322240033546471,,
Policy_Rate_USA,anomaly,tree_shap_abs,6,0.0053590071814780624,,
DXY,full,cross_correlation,0,0.6520608704398729,5.4627090930677655e-33,
DXY,full,cross_correlation,1,-0.049663889836982146,0.4242981017426233,
DXY,full,cross_correlation,2,0.002878793170254994,0.9630829439340242,
DXY,full,cross_correlation,3,-0.02702848398838643,0.6638222724260814,
DXY,full,cross_correlation,4,0.002547793738737185,0.9673250998977733,
DXY,full,cross_correlation,5,0.03720451221668579,0.5495867333408218,
DXY,full,cross_correlation,6,-0.01626875250355796,0.793641017588502,
DXY,full,distributed_lag_ols,1,-0.08436420795525588,0.16666075015430448,-1.3830134229154016
DXY,full,distributed_lag_ols,2,-0.0032964960177407567,0.9382197545897374,-0.07750758862084588
DXY,full,distributed_lag_ols,3,-0.022067812362012596,0.5387026866094784,-0.6147759613172166
DXY,full,distributed_lag_ols,4,0.005951756891389455,0.8801324373983612,0.15080132959289727
DXY,full,distributed_lag_ols,5,0.0234702115826569,0.6471372002349717,0.4577428482003469
DXY,full,distributed_lag_ols,6,-0.0064716491580004915,0.8924040530975225,-0.13526285429404972
DXY,full,elasticnet_abs_coef,1,0.0,,
DXY,full,elasticnet_abs_coef,2,0.0,,
DXY,full,elasticnet_abs_coef,3,0.0,,
DXY,full,elasticnet_abs_coef,4,0.0,,
DXY,full,elasticnet_abs_coef,5,0.0,,
DXY,full,elasticnet_abs_coef,6,0.0,,
DXY,full,tree_permutation_importance,1,-0.013912410657402674,,
DXY,full,tree_feature_importance,1,0.126593562710012,,
DXY,full,tree_shap_abs,1,0.0008941955521635284,,
DXY,full,tree_permutation_importance,2,-0.027415682157685372,,
DXY,full,tree_feature_importance,2,0.1559120091269503,,
DXY,full,tree_shap_abs,2,0.0008712436956330874,,
DXY,full,tree_permutation_importance,3,-0.024734910759420425,,
DXY,full,tree_feature_importance,3,0.15011896419756024,,
DXY,full,tree_shap_abs,3,0.0006709293906261501,,
DXY,full,tree_permutation_importance,4,-0.06028658165359102,,
DXY,full,tree_feature_importance,4,0.17411380377488492,,
DXY,full,tree_shap_abs,4,0.0018684031677146074,,
DXY,full,tree_permutation_importance,5,-0.054508603661589786,,
DXY,full,tree_feature_importance,5,0.1515586534450663,,
DXY,full,tree_shap_abs,5,0.0008997409211755897,,
DXY,full,tree_permutation_importance,6,-0.025483244680497407,,
DXY,full,tree_feature_importance,6,0.11815044567217245,,
DXY,full,tree_shap_abs,6,0.0007562452061106204,,
DXY,anomaly,cross_correlation,0,0.6894234474059124,4.1578245480787946e-10,
DXY,anomaly,cross_correlation,1,-0.028539042971644113,0.824289960067336,
DXY,anomaly,cross_correlation,2,0.1177036177086522,0.3582345435776137,
DXY,anomaly,cross_correlation,3,-0.07999076404710793,0.533157785832926,
DXY,anomaly,cross_correlation,4,-0.03368999698471394,0.793224565429603,
DXY,anomaly,cross_correlation,5,0.19005979960376082,0.1357042206710416,
DXY,anomaly,cross_correlation,6,-0.1710432757003075,0.18013845269857803,
DXY,anomaly,distributed_lag_ols,1,-0.150271928048225,0.1891499801791201,-1.313097844286982
DXY,anomaly,distributed_lag_ols,2,0.04467492488214996,0.3985753007548174,0.8441684164881682
DXY,anomaly,distributed_lag_ols,3,-0.05654046848214351,0.4063601786141431,-0.8303159390704047
DXY,anomaly,distributed_lag_ols,4,0.01645420737623072,0.7464034316786954,0.3233853385639259
DXY,anomaly,distributed_lag_ols,5,0.09821218784225247,0.1856961975152539,1.3234186365525518
DXY,anomaly,distributed_lag_ols,6,-0.09800926626483542,0.09064145554521658,-1.6920236965733524
DXY,anomaly,elasticnet_abs_coef,1,0.0,,
DXY,anomaly,elasticnet_abs_coef,2,0.0,,
DXY,anomaly,elasticnet_abs_coef,3,0.0,,
DXY,anomaly,elasticnet_abs_coef,4,0.0,,
DXY,anomaly,elasticnet_abs_coef,5,0.0,,
DXY,anomaly,elasticnet_abs_coef,6,0.0,,
DXY,anomaly,tree_permutation_importance,1,0.008324965013712982,,
DXY,anomaly,tree_feature_importance,1,0.09532104765909016,,
DXY,anomaly,tree_shap_abs,1,0.000433131762388598,,
DXY,anomaly,tree_permutation_importance,2,-0.01681106808521009,,
DXY,anomaly,tree_feature_importance,2,0.1269948170516276,,
DXY,anomaly,tree_shap_abs,2,0.0006770501706779177,,
DXY,anomaly,tree_permutation_importance,3,-0.01512765788053232,,
DXY,anomaly,tree_feature_importance,3,0.22604232774763308,,
DXY,anomaly,tree_shap_abs,3,0.0019113896116597453,,
DXY,anomaly,tree_permutation_importance,4,-0.016994933117264632,,
DXY,anomaly,tree_feature_importance,4,0.09004442671496429,,
DXY,anomaly,tree_shap_abs,4,0.0005832893257402316,,
DXY,anomaly,tree_permutation_importance,5,-0.10025674141267986,,
DXY,anomaly,tree_feature_importance,5,0.1799452656777871,,
DXY,anomaly,tree_shap_abs,5,0.001951218437269789,,
DXY,anomaly,tree_permutation_importance,6,0.010256015923271456,,
DXY,anomaly,tree_feature_importance,6,0.1454791045214621,,
DXY,anomaly,tree_shap_abs,6,0.0014279882370523806,,
VIX,full,cross_correlation,0,0.3483835635963349,7.316627996877375e-09,
VIX,full,cross_correlation,1,-0.0404060678213733,0.515748918314706,
VIX,full,cross_correlation,2,-0.05471281524367203,0.3786808231238422,
VIX,full,cross_correlation,3,-0.03354387646889663,0.5895635392864483,
VIX,full,cross_correlation,4,-0.042693533324116135,0.4922480307985029,
VIX,full,cross_correlation,5,0.07017239486745061,0.25863581756728116,
VIX,full,cross_correlation,6,-0.0074083840544697036,0.9051856216033249,
VIX,full,distributed_lag_ols,1,0.2870364717396536,0.5242939829573463,0.6367403547821394
VIX,full,distributed_lag_ols,2,-0.49081060103431884,0.11491076243831078,-1.5764993760898927
VIX,full,distributed_lag_ols,3,-0.3565542580256413,0.22020417585754704,-1.2259853825104792
VIX,full,distributed_lag_ols,4,-0.3829467564022234,0.18977643212431605,-1.3112407701897202
VIX,full,distributed_lag_ols,5,0.36186082821418014,0.22567860940113227,1.2115658607925874
VIX,full,distributed_lag_ols,6,0.0741989647899047,0.7955183529012966,0.2591514967527146
VIX,full,elasticnet_abs_coef,1,0.0,,
VIX,full,elasticnet_abs_coef,2,0.0,,
VIX,full,elasticnet_abs_coef,3,0.0,,
VIX,full,elasticnet_abs_coef,4,0.0,,
VIX,full,elasticnet_abs_coef,5,0.0,,
VIX,full,elasticnet_abs_coef,6,0.0,,
VIX,full,tree_permutation_importance,1,0.08243991855009081,,
VIX,full,tree_feature_importance,1,0.12974217556546785,,
VIX,full,tree_shap_abs,1,0.009153031642323334,,
VIX,full,tree_permutation_importance,2,-0.005854959922694758,,
VIX,full,tree_feature_importance,2,0.11772802414940702,,
VIX,full,tree_shap_abs,2,0.011392242672507975,,
VIX,full,tree_permutation_importance,3,-0.04020837278383397,,
VIX,full,tree_feature_importance,3,0.11678272018078768,,
VIX,full,tree_shap_abs,3,0.01024748110034938,,
VIX,full,tree_permutation_importance,4,-0.03447895217259559,,
VIX,full,tree_feature_importance,4,0.12081674499083592,,
VIX,full,tree_shap_abs,4,0.00926687753114999,,
VIX,full,tree_permutation_importance,5,0.07739204348412979,,
VIX,full,tree_feature_importance,5,0.12897351022950101,,
VIX,full,tree_shap_abs,5,0.015026398117646758,,
VIX,full,tree_permutation_importance,6,-0.0007756358377880357,,
VIX,full,tree_feature_importance,6,0.08265517570426782,,
VIX,full,tree_shap_abs,6,0.003096349183770365,,
VIX,anomaly,cross_correlation,0,0.37472736655315186,0.002479517133986981,
VIX,anomaly,cross_correlation,1,0.0699475729164796,0.5859310396761316,
VIX,anomaly,cross_correlation,2,-0.032025815072855075,0.8032287956030807,
VIX,anomaly,cross_correlation,3,-0.09889779489547333,0.4406173910218149,
VIX,anomaly,cross_correlation,4,0.02791392727758667,0.828079387422259,
VIX,anomaly,cross_correlation,5,0.037928168247614476,0.7678997071265283,
VIX,anomaly,cross_correlation,6,-0.04946054341365916,0.7002705808592407,
VIX,anomaly,distributed_lag_ols,1,0.3715355127032905,0.5714547246032156,0.5659103511107957
VIX,anomaly,distributed_lag_ols,2,-0.18367608489996956,0.6579991743849324,-0.4426772854788181
VIX,anomaly,distributed_lag_ols,3,-0.4663053861303503,0.2635554523532009,-1.1180270226528484
VIX,anomaly,distributed_lag_ols,4,0.031595031860896475,0.9246974200313336,0.09451833297315701
VIX,anomaly,distributed_lag_ols,5,0.16083524363885257,0.7471124826355595,0.3224491128936849
VIX,anomaly,distributed_lag_ols,6,-0.217700476528354,0.5771352134151229,-0.5575741484226264
VIX,anomaly,elasticnet_abs_coef,1,0.0,,
VIX,anomaly,elasticnet_abs_coef,2,0.0,,
VIX,anomaly,elasticnet_abs_coef,3,0.0,,
VIX,anomaly,elasticnet_abs_coef,4,0.0,,
VIX,anomaly,elasticnet_abs_coef,5,0.0,,
VIX,anomaly,elasticnet_abs_coef,6,0.0,,
VIX,anomaly,tree_permutation_importance,1,0.066815489911065,,
VIX,anomaly,tree_feature_importance,1,0.12935898188871772,,
VIX,anomaly,tree_shap_abs,1,0.006502099130342404,,
VIX,anomaly,tree_permutation_importance,2,0.10543150916503415,,
VIX,anomaly,tree_feature_importance,2,0.1878190868885513,,
VIX,anomaly,tree_shap_abs,2,0.03122565398643285,,
VIX,anomaly,tree_permutation_importance,3,0.03819173667565392,,
VIX,anomaly,tree_feature_importance,3,0.13827483288118428,,
VIX,anomaly,tree_shap_abs,3,0.012548251351998987,,
VIX,anomaly,tree_permutation_importance,4,0.010705331546350083,,
VIX,anomaly,tree_feature_importance,4,0.10143634617475353,,
VIX,anomaly,tree_shap_abs,4,0.009119626127308204,,
VIX,anomaly,tree_permutation_importance,5,-0.06674646272057555,,
VIX,anomaly,tree_feature_importance,5,0.15681079277864332,,
VIX,anomaly,tree_shap_abs,5,0.018916318510902162,,
VIX,anomaly,tree_permutation_importance,6,0.009267894685974231,,
VIX,anomaly,tree_feature_importance,6,0.10166082385233258,,
VIX,anomaly,tree_shap_abs,6,0.009965373940486173,,
WTI_Oil,full,cross_correlation,0,-0.13445937218621798,0.02987812750726907,
WTI_Oil,full,cross_correlation,1,-0.11066337850018645,0.07430580171637696,
WTI_Oil,full,cross_correlation,2,-0.15954079722570524,0.009833044501464432,
WTI_Oil,full,cross_correlation,3,-0.008510057454904154,0.8911677324602192,
WTI_Oil,full,cross_correlation,4,0.046399963297384286,0.45541468689187575,
WTI_Oil,full,cross_correlation,5,-0.04317028200769243,0.4874229513640028,
WTI_Oil,full,cross_correlation,6,-0.017424520014136764,0.7793456700192586,
WTI_Oil,full,distributed_lag_ols,1,-0.35549051135476784,0.10523804681697484,-1.6199731403324522
WTI_Oil,full,distributed_lag_ols,2,-0.5200226953166426,0.007442615436201246,-2.676362245235377
WTI_Oil,full,distributed_lag_ols,3,-0.014473338327335456,0.9355736664570745,-0.08083437972259705
WTI_Oil,full,distributed_lag_ols,4,0.12694249691532072,0.44587334040453763,0.762312792940776
WTI_Oil,full,distributed_lag_ols,5,-0.14546204728726211,0.4177677380978633,-0.810300064840494
WTI_Oil,full,distributed_lag_ols,6,-0.02484465917517914,0.9057184753964387,-0.1184407042682819
WTI_Oil,full,elasticnet_abs_coef,1,0.01828394583722493,,
WTI_Oil,full,elasticnet_abs_coef,2,0.06687342472951044,,
WTI_Oil,full,elasticnet_abs_coef,3,0.0,,
WTI_Oil,full,elasticnet_abs_coef,4,0.0,,
WTI_Oil,full,elasticnet_abs_coef,5,0.0,,
WTI_Oil,full,elasticnet_abs_coef,6,0.0,,
WTI_Oil,full,tree_permutation_importance,1,0.02180398546473621,,
WTI_Oil,full,tree_feature_importance,1,0.13067753616171685,,
WTI_Oil,full,tree_shap_abs,1,0.004449751005094338,,
WTI_Oil,full,tree_permutation_importance,2,-0.038226842127095526,,
WTI_Oil,full,tree_feature_importance,2,0.17296510990985084,,
WTI_Oil,full,tree_shap_abs,2,0.009055642974449099,,
WTI_Oil,full,tree_permutation_importance,3,-0.016616249742394062,,
WTI_Oil,full,tree_feature_importance,3,0.11703131776222536,,
WTI_Oil,full,tree_shap_abs,3,0.0024988641040100774,,
WTI_Oil,full,tree_permutation_importance,4,0.009884162222324433,,
WTI_Oil,full,tree_feature_importance,4,0.1267385324323648,,
WTI_Oil,full,tree_shap_abs,4,0.00496955654627036,,
WTI_Oil,full,tree_permutation_importance,5,0.04070290871521145,,
WTI_Oil,full,tree_feature_importance,5,0.11791572387793475,,
WTI_Oil,full,tree_shap_abs,5,0.00385761631461273,,
WTI_Oil,full,tree_permutation_importance,6,0.007085114731320652,,
WTI_Oil,full,tree_feature_importance,6,0.1130547269823088,,
WTI_Oil,full,tree_shap_abs,6,0.005213264532209007,,
WTI_Oil,anomaly,cross_correlation,0,-0.04503384099194344,0.7259896790035508,
WTI_Oil,anomaly,cross_correlation,1,-0.2522080271029154,0.04613937183527021,
WTI_Oil,anomaly,cross_correlation,2,-0.254872622540518,0.04380995315036755,
WTI_Oil,anomaly,cross_correlation,3,-0.0022345145396680667,0.9861328560000414,
WTI_Oil,anomaly,cross_correlation,4,0.1072701424200841,0.40270565413110093,
WTI_Oil,anomaly,cross_correlation,5,-0.09804868499931933,0.4445705819277519,
WTI_Oil,anomaly,cross_correlation,6,0.10977801707246286,0.3917321865124999,
WTI_Oil,anomaly,distributed_lag_ols,1,-1.1030899895082429,0.001096606936936462,-3.26449165407643
WTI_Oil,anomaly,distributed_lag_ols,2,-0.8173790590303837,0.0001534944215771278,-3.785346718658645
WTI_Oil,anomaly,distributed_lag_ols,3,-0.07528235761032383,0.7706310584484287,-0.2915495435070764
WTI_Oil,anomaly,distributed_lag_ols,4,0.4905946023950613,0.20485788584601938,1.2678321849792142
WTI_Oil,anomaly,distributed_lag_ols,5,-0.203639019254725,0.2887334401119104,-1.0609042005679827
WTI_Oil,anomaly,distributed_lag_ols,6,0.674655338819029,0.077306267540619,1.7665342094360115
WTI_Oil,anomaly,elasticnet_abs_coef,1,0.03883966224311958,,
WTI_Oil,anomaly,elasticnet_abs_coef,2,0.037070552274603194,,
WTI_Oil,anomaly,elasticnet_abs_coef,3,0.0,,
WTI_Oil,anomaly,elasticnet_abs_coef,4,0.0,,
WTI_Oil,anomaly,elasticnet_abs_coef,5,0.0,,
WTI_Oil,anomaly,elasticnet_abs_coef,6,0.0,,
WTI_Oil,anomaly,tree_permutation_importance,1,0.0863652820605156,,
WTI_Oil,anomaly,tree_feature_importance,1,0.18464091655525508,,
WTI_Oil,anomaly,tree_shap_abs,1,0.014263730780722529,,
WTI_Oil,anomaly,tree_permutation_importance,2,-0.011793478010015245,,
WTI_Oil,anomaly,tree_feature_importance,2,0.1519702383693226,,
WTI_Oil,anomaly,tree_shap_abs,2,0.008551909220184945,,
WTI_Oil,anomaly,tree_permutation_importance,3,-0.011823734261976426,,
WTI_Oil,anomaly,tree_feature_importance,3,0.06795046563805825,,
WTI_Oil,anomaly,tree_shap_abs,3,0.005976560446615601,,
WTI_Oil,anomaly,tree_permutation_importance,4,0.0033267126384963984,,
WTI_Oil,anomaly,tree_feature_importance,4,0.09704969827704239,,
WTI_Oil,anomaly,tree_shap_abs,4,0.005160265562289398,,
WTI_Oil,anomaly,tree_permutation_importance,5,-0.012906672091612892,,
WTI_Oil,anomaly,tree_feature_importance,5,0.12088041211666743,,
WTI_Oil,anomaly,tree_shap_abs,5,0.014663898162148324,,
WTI_Oil,anomaly,tree_permutation_importance,6,-0.03533903432912113,,
WTI_Oil,anomaly,tree_feature_importance,6,0.14610860701598102,,
WTI_Oil,anomaly,tree_shap_abs,6,0.00610857509783246,,
Rate_Spread_KOR_USA,full,cross_correlation,0,0.11915826178288341,0.05452073234837016,
Rate_Spread_KOR_USA,full,cross_correlation,1,0.03175224655323663,0.6096032828797205,
Rate_Spread_KOR_USA,full,cross_correlation,2,0.013607071039128829,0.8268183564140674,
Rate_Spread_KOR_USA,full,cross_correlation,3,-0.057294396748432515,0.35656298984668366,
Rate_Spread_KOR_USA,full,cross_correlation,4,-0.13975681203674123,0.02393965089217564,
Rate_Spread_KOR_USA,full,cross_correlation,5,-0.036874552620195594,0.5531349954917282,
Rate_Spread_KOR_USA,full,cross_correlation,6,0.001430782401812898,0.9816470343786193,
Rate_Spread_KOR_USA,full,distributed_lag_ols,1,-0.0338873881296316,0.9236487337080166,-0.09583863320176994
Rate_Spread_KOR_USA,full,distributed_lag_ols,2,-0.057565904762582575,0.8567171671718091,-0.18055463421629372
Rate_Spread_KOR_USA,full,distributed_lag_ols,3,-0.397078334084908,0.4660278885393272,-0.7289571266814289
Rate_Spread_KOR_USA,full,distributed_lag_ols,4,-0.6925526003316234,0.07068258344419845,-1.8075113704237231
Rate_Spread_KOR_USA,full,distributed_lag_ols,5,-0.04415248319550303,0.8684636308682435,-0.1656103128795258
Rate_Spread_KOR_USA,full,distributed_lag_ols,6,0.03590591701142276,0.8586975032433272,0.17803243491794818
Rate_Spread_KOR_USA,full,elasticnet_abs_coef,1,0.0,,
Rate_Spread_KOR_USA,full,elasticnet_abs_coef,2,0.0,,
Rate_Spread_KOR_USA,full,elasticnet_abs_coef,3,0.0,,
Rate_Spread_KOR_USA,full,elasticnet_abs_coef,4,0.0,,
Rate_Spread_KOR_USA,full,elasticnet_abs_coef,5,0.0,,
Rate_Spread_KOR_USA,full,elasticnet_abs_coef,6,0.0,,
Rate_Spread_KOR_USA,full,tree_permutation_importance,1,0.02283422936413514,,
Rate_Spread_KOR_USA,full,tree_feature_importance,1,0.11919659472853489,,
Rate_Spread_KOR_USA,full,tree_shap_abs,1,0.005911329983656965,,
Rate_Spread_KOR_USA,full,tree_permutation_importance,2,0.046877037914253926,,
Rate_Spread_KOR_USA,full,tree_feature_importance,2,0.11392380253385005,,
Rate_Spread_KOR_USA,full,tree_shap_abs,2,0.008185397448775363,,
Rate_Spread_KOR_USA,full,tree_permutation_importance,3,-0.040917506556495876,,
Rate_Spread_KOR_USA,full,tree_feature_importance,3,0.12914741989023817,,
Rate_Spread_KOR_USA,full,tree_shap_abs,3,0.007442339640185595,,
Rate_Spread_KOR_USA,full,tree_permutation_importance,4,0.07599529939368141,,
Rate_Spread_KOR_USA,full,tree_feature_importance,4,0.12934301216785868,,
Rate_Spread_KOR_USA,full,tree_shap_abs,4,0.009403034810708111,,
Rate_Spread_KOR_USA,full,tree_permutation_importance,5,0.013950179276000618,,
Rate_Spread_KOR_USA,full,tree_feature_importance,5,0.10168529170723213,,
Rate_Spread_KOR_USA,full,tree_shap_abs,5,0.004473979123953816,,
Rate_Spread_KOR_USA,full,tree_permutation_importance,6,0.04310350941167258,,
Rate_Spread_KOR_USA,full,tree_feature_importance,6,0.0861247384321178,,
Rate_Spread_KOR_USA,full,tree_shap_abs,6,0.005109317828287589,,
Rate_Spread_KOR_USA,anomaly,cross_correlation,0,0.1627160558930559,0.20260418895465057,
Rate_Spread_KOR_USA,anomaly,cross_correlation,1,-0.05717139102786704,0.6562755419165255,
Rate_Spread_KOR_USA,anomaly,cross_correlation,2,0.05834005107048158,0.649703436907155,
Rate_Spread_KOR_USA,anomaly,cross_correlation,3,-0.2508852608405742,0.047332979143744396,
Rate_Spread_KOR_USA,anomaly,cross_correlation,4,-0.3630824868180806,0.0034480268186819815,
Rate_Spread_KOR_USA,anomaly,cross_correlation,5,-0.1133615053528608,0.37636307056864604,
Rate_Spread_KOR_USA,anomaly,cross_correlation,6,-0.05200800396237216,0.6856182290391628,
Rate_Spread_KOR_USA,anomaly,distributed_lag_ols,1,-0.18253404324515143,0.6459569327940089,-0.45938609359596866
Rate_Spread_KOR_USA,anomaly,distributed_lag_ols,2,0.09057639539075467,0.807394339125066,0.2437888721109816
Rate_Spread_KOR_USA,anomaly,distributed_lag_ols,3,-1.2441139140917317,0.07756515026181576,-1.7649917618910411
Rate_Spread_KOR_USA,anomaly,distributed_lag_ols,4,-1.5328352779763084,0.03680933515321177,-2.087872525272521
Rate_Spread_KOR_USA,anomaly,distributed_lag_ols,5,-0.5800557417028164,0.18534715315842443,-1.324469538742418
Rate_Spread_KOR_USA,anomaly,distributed_lag_ols,6,-0.16180084460653388,0.5561505230975741,-0.5885688679122837
Rate_Spread_KOR_USA,anomaly,elasticnet_abs_coef,1,0.0,,
Rate_Spread_KOR_USA,anomaly,elasticnet_abs_coef,2,0.0,,
Rate_Spread_KOR_USA,anomaly,elasticnet_abs_coef,3,0.1427120326896782,,
Rate_Spread_KOR_USA,anomaly,elasticnet_abs_coef,4,0.2080790824196369,,
Rate_Spread_KOR_USA,anomaly,elasticnet_abs_coef,5,0.02773454851903707,,
Rate_Spread_KOR_USA,anomaly,elasticnet_abs_coef,6,0.0,,
Rate_Spread_KOR_USA,anomaly,tree_permutation_importance,1,0.028144234321386973,,
Rate_Spread_KOR_USA,anomaly,tree_feature_importance,1,0.14528848470264194,,
Rate_Spread_KOR_USA,anomaly,tree_shap_abs,1,0.005527427477442886,,
Rate_Spread_KOR_USA,anomaly,tree_permutation_importance,2,0.06347120065982781,,
Rate_Spread_KOR_USA,anomaly,tree_feature_importance,2,0.12097838685270094,,
Rate_Spread_KOR_USA,anomaly,tree_shap_abs,2,0.00822413763766088,,
Rate_Spread_KOR_USA,anomaly,tree_permutation_importance,3,0.055825615384747354,,
Rate_Spread_KOR_USA,anomaly,tree_feature_importance,3,0.2090817907944507,,
Rate_Spread_KOR_USA,anomaly,tree_shap_abs,3,0.010344041744619227,,
Rate_Spread_KOR_USA,anomaly,tree_permutation_importance,4,-0.07184801643816603,,
Rate_Spread_KOR_USA,anomaly,tree_feature_importance,4,0.28952689754586247,,
Rate_Spread_KOR_USA,anomaly,tree_shap_abs,4,0.0237719776104182,,
Rate_Spread_KOR_USA,anomaly,tree_permutation_importance,5,-0.03302593091771977,,
Rate_Spread_KOR_USA,anomaly,tree_feature_importance,5,0.038481242125362754,,
Rate_Spread_KOR_USA,anomaly,tree_shap_abs,5,0.0020974451564938325,,
Rate_Spread_KOR_USA,anomaly,tree_permutation_importance,6,-0.03604833995575908,,
Rate_Spread_KOR_USA,anomaly,tree_feature_importance,6,0.042312794306732494,,
Rate_Spread_KOR_USA,anomaly,tree_shap_abs,6,0.004886770634838975,,
Foreign_Stock_Investment,full,cross_correlation,0,-0.2375340243222583,0.00011011086522693776,
Foreign_Stock_Investment,full,cross_correlation,1,0.15532361139189785,0.012152398571796695,
Foreign_Stock_Investment,full,cross_correlation,2,0.036869145198932154,0.5539618417848903,
Foreign_Stock_Investment,full,cross_correlation,3,0.009886904403264117,0.8739389049962079,
Foreign_Stock_Investment,full,cross_correlation,4,0.040859693778385164,0.5118613032463211,
Foreign_Stock_Investment,full,cross_correlation,5,0.01512530927259196,0.8082168678892953,
Foreign_Stock_Investment,full,cross_correlation,6,0.007048114403945822,0.9099502919508716,
Foreign_Stock_Investment,full,distributed_lag_ols,1,7082.934517117592,0.17643989585739017,1.3517981508651165
Foreign_Stock_Investment,full,distributed_lag_ols,2,12620.918245798035,0.0017392004688775746,3.1314928062050997
Foreign_Stock_Investment,full,distributed_lag_ols,3,4766.906608291765,0.24116384365735766,1.1720827279887982
Foreign_Stock_Investment,full,distributed_lag_ols,4,7015.787002201127,0.21357169532326703,1.2438040340918834
Foreign_Stock_Investment,full,distributed_lag_ols,5,4680.673222313305,0.2923643720938919,1.0529489885254468
Foreign_Stock_Investment,full,distributed_lag_ols,6,1973.7374257950955,0.6965324125445397,0.39000559112582156
Foreign_Stock_Investment,full,elasticnet_abs_coef,1,0.0,,
Foreign_Stock_Investment,full,elasticnet_abs_coef,2,0.0018872236704166694,,
Foreign_Stock_Investment,full,elasticnet_abs_coef,3,0.0,,
Foreign_Stock_Investment,full,elasticnet_abs_coef,4,0.0,,
Foreign_Stock_Investment,full,elasticnet_abs_coef,5,0.0,,
Foreign_Stock_Investment,full,elasticnet_abs_coef,6,0.0,,
Foreign_Stock_Investment,full,tree_permutation_importance,1,0.001248413929053771,,
Foreign_Stock_Investment,full,tree_feature_importance,1,0.09742930779437137,,
Foreign_Stock_Investment,full,tree_shap_abs,1,226.60950379052554,,
Foreign_Stock_Investment,full,tree_permutation_importance,2,-0.01112866232648102,,
Foreign_Stock_Investment,full,tree_feature_importance,2,0.08731033101097661,,
Foreign_Stock_Investment,full,tree_shap_abs,2,137.49131222558717,,
Foreign_Stock_Investment,full,tree_permutation_importance,3,-0.024435107143062997,,
Foreign_Stock_Investment,full,tree_feature_importance,3,0.099092154974274,,
Foreign_Stock_Investment,full,tree_shap_abs,3,143.9470355452215,,
Foreign_Stock_Investment,full,tree_permutation_importance,4,0.003891225787255803,,
Foreign_Stock_Investment,full,tree_feature_importance,4,0.07618594611541409,,
Foreign_Stock_Investment,full,tree_shap_abs,4,137.53536816457697,,
Foreign_Stock_Investment,full,tree_permutation_importance,5,0.01652064599030161,,
Foreign_Stock_Investment,full,tree_feature_importance,5,0.08984969198257693,,
Foreign_Stock_Investment,full,tree_shap_abs,5,78.03098345729688,,
Foreign_Stock_Investment,full,tree_permutation_importance,6,-0.016392491670141972,,
Foreign_Stock_Investment,full,tree_feature_importance,6,0.0726146824543467,,
Foreign_Stock_Investment,full,tree_shap_abs,6,99.16323953675926,,
Foreign_Stock_Investment,anomaly,cross_correlation,0,-0.11764090686515218,0.36249477155565835,
Foreign_Stock_Investment,anomaly,cross_correlation,1,0.06388436659147415,0.6218053505164266,
Foreign_Stock_Investment,anomaly,cross_correlation,2,0.06407925854764972,0.6207403830161276,
Foreign_Stock_Investment,anomaly,cross_correlation,3,0.0821317040886278,0.5256775014668098,
Foreign_Stock_Investment,anomaly,cross_correlation,4,-0.15962998296714057,0.21522959514209544,
Foreign_Stock_Investment,anomaly,cross_correlation,5,0.06953908264829217,0.591226917945934,
Foreign_Stock_Investment,anomaly,cross_correlation,6,0.15420015914030122,0.2314483085977066,
Foreign_Stock_Investment,anomaly,distributed_lag_ols,1,2503.9197419952748,0.6964294779668642,0.3901447984413145
Foreign_Stock_Investment,anomaly,distributed_lag_ols,2,6982.448798837115,0.2516700279565238,1.1463024538608166
Foreign_Stock_Investment,anomaly,distributed_lag_ols,3,7484.472877751709,0.21780135065664197,1.2323955814772412
Foreign_Stock_Investment,anomaly,distributed_lag_ols,4,-9977.400669953846,0.27016763708852776,-1.1026765885897403
Foreign_Stock_Investment,anomaly,distributed_lag_ols,5,1468.083119844032,0.71513899346488,0.36496304319909084
Foreign_Stock_Investment,anomaly,distributed_lag_ols,6,15059.261044531515,0.11939289279964937,1.557326896161494
Foreign_Stock_Investment,anomaly,elasticnet_abs_coef,1,0.026011315825063937,,
Foreign_Stock_Investment,anomaly,elasticnet_abs_coef,2,0.07267872197543714,,
Foreign_Stock_Investment,anomaly,elasticnet_abs_coef,3,0.07779700101182362,,
Foreign_Stock_Investment,anomaly,elasticnet_abs_coef,4,0.1046026223370865,,
Foreign_Stock_Investment,anomaly,elasticnet_abs_coef,5,0.015375119704282068,,
Foreign_Stock_Investment,anomaly,elasticnet_abs_coef,6,0.15787454772571993,,
Foreign_Stock_Investment,anomaly,tree_permutation_importance,1,-0.002254217869361397,,
Foreign_Stock_Investment,anomaly,tree_feature_importance,1,0.08566821378385017,,
Foreign_Stock_Investment,anomaly,tree_shap_abs,1,80.26671122383165,,
Foreign_Stock_Investment,anomaly,tree_permutation_importance,2,9.135420205171884e-05,,
Foreign_Stock_Investment,anomaly,tree_feature_importance,2,0.06745170808219282,,
Foreign_Stock_Investment,anomaly,tree_shap_abs,2,40.36920886736,,
Foreign_Stock_Investment,anomaly,tree_permutation_importance,3,0.011463511756128298,,
Foreign_Stock_Investment,anomaly,tree_feature_importance,3,0.10464380057625743,,
Foreign_Stock_Investment,anomaly,tree_shap_abs,3,212.7581590231762,,
Foreign_Stock_Investment,anomaly,tree_permutation_importance,4,0.025262867803180454,,
Foreign_Stock_Investment,anomaly,tree_feature_importance,4,0.09525645676368076,,
Foreign_Stock_Investment,anomaly,tree_shap_abs,4,220.907055238216,,
Foreign_Stock_Investment,anomaly,tree_permutation_importance,5,0.01290588565009787,,
Foreign_Stock_Investment,anomaly,tree_feature_importance,5,0.10151434401354446,,
Foreign_Stock_Investment,anomaly,tree_shap_abs,5,156.4072862364038,,
Foreign_Stock_Investment,anomaly,tree_permutation_importance,6,0.017475192399285123,,
Foreign_Stock_Investment,anomaly,tree_feature_importance,6,0.18010735862518468,,
Foreign_Stock_Investment,anomaly,tree_shap_abs,6,334.26282369235145,,
Foreign_Bond_Investment,full,cross_correlation,0,-0.07092582870773659,0.25446555594878284,
Foreign_Bond_Investment,full,cross_correlation,1,-0.05630099167529319,0.36590559503191455,
Foreign_Bond_Investment,full,cross_correlation,2,0.12253091117741972,0.0484187219056158,
Foreign_Bond_Investment,full,cross_correlation,3,-0.017033014915042166,0.7845875759008827,
Foreign_Bond_Investment,full,cross_correlation,4,-0.07239351489754903,0.24474321488209386,
Foreign_Bond_Investment,full,cross_correlation,5,0.07128527567570699,0.2520601427301683,
Foreign_Bond_Investment,full,cross_correlation,6,-0.15389355512715708,0.012979936102196542,
Foreign_Bond_Investment,full,distributed_lag_ols,1,-6829.023245520735,0.1895778933858392,-1.3118288351089689
Foreign_Bond_Investment,full,distributed_lag_ols,2,9885.848271602683,0.05386046572650585,1.9279570737504634
Foreign_Bond_Investment,full,distributed_lag_ols,3,3327.2762512769746,0.6588137712280442,0.4415515213746265
Foreign_Bond_Investment,full,distributed_lag_ols,4,-7797.362826632574,0.13660555689369855,-1.4885513263647796
Foreign_Bond_Investment,full,distributed_lag_ols,5,2921.349749206703,0.6026956189539532,0.5205279979608439
Foreign_Bond_Investment,full,distributed_lag_ols,6,-13628.944420586813,0.006457590110455714,-2.723593667686158
Foreign_Bond_Investment,full,elasticnet_abs_coef,1,0.05548512338675072,,
Foreign_Bond_Investment,full,elasticnet_abs_coef,2,0.08408479469600441,,
Foreign_Bond_Investment,full,elasticnet_abs_coef,3,0.020363171719841765,,
Foreign_Bond_Investment,full,elasticnet_abs_coef,4,0.0645845081008973,,
Foreign_Bond_Investment,full,elasticnet_abs_coef,5,0.021460074998152518,,
Foreign_Bond_Investment,full,elasticnet_abs_coef,6,0.11771685437337172,,
Foreign_Bond_Investment,full,tree_permutation_importance,1,-0.022547365314175526,,
Foreign_Bond_Investment,full,tree_feature_importance,1,0.12694199561683972,,
Foreign_Bond_Investment,full,tree_shap_abs,1,144.05368117830443,,
Foreign_Bond_Investment,full,tree_permutation_importance,2,-0.00477030921743774,,
Foreign_Bond_Investment,full,tree_feature_importance,2,0.11319309814082097,,
Foreign_Bond_Investment,full,tree_shap_abs,2,103.92912839668072,,
Foreign_Bond_Investment,full,tree_permutation_importance,3,-0.010600407666486988,,
Foreign_Bond_Investment,full,tree_feature_importance,3,0.14157460594338644,,
Foreign_Bond_Investment,full,tree_shap_abs,3,215.30102866679204,,
Foreign_Bond_Investment,full,tree_permutation_importance,4,-0.01269236011930679,,
Foreign_Bond_Investment,full,tree_feature_importance,4,0.0938781569797005,,
Foreign_Bond_Investment,full,tree_shap_abs,4,122.73575615845806,,
Foreign_Bond_Investment,full,tree_permutation_importance,5,0.004947781137939755,,
Foreign_Bond_Investment,full,tree_feature_importance,5,0.08669200098720721,,
Foreign_Bond_Investment,full,tree_shap_abs,5,89.2989294113922,,
Foreign_Bond_Investment,full,tree_permutation_importance,6,-0.006394151801747694,,
Foreign_Bond_Investment,full,tree_feature_importance,6,0.10131584886694175,,
Foreign_Bond_Investment,full,tree_shap_abs,6,142.36194153956305,,
Foreign_Bond_Investment,anomaly,cross_correlation,0,-0.024733675102559867,0.8486675004296252,
Foreign_Bond_Investment,anomaly,cross_correlation,1,-0.17615491704856912,0.17082612821860818,
Foreign_Bond_Investment,anomaly,cross_correlation,2,0.13997463541720154,0.27788446677296286,
Foreign_Bond_Investment,anomaly,cross_correlation,3,0.07810320407973996,0.5462475896599996,
Foreign_Bond_Investment,anomaly,cross_correlation,4,-0.11533578931618162,0.37204086775392453,
Foreign_Bond_Investment,anomaly,cross_correlation,5,0.18149169886943356,0.1580268223033388,
Foreign_Bond_Investment,anomaly,cross_correlation,6,-0.26086790127555415,0.04057169015428734,
Foreign_Bond_Investment,anomaly,distributed_lag_ols,1,-12980.698268463302,0.0034287798589986425,-2.9264287950493206
Foreign_Bond_Investment,anomaly,distributed_lag_ols,2,6170.754511895615,0.36408309482987056,0.9076122974258032
Foreign_Bond_Investment,anomaly,distributed_lag_ols,3,13828.159582804203,0.02604754099036126,2.2255022389723265
Foreign_Bond_Investment,anomaly,distributed_lag_ols,4,-6537.636963520147,0.2535407593294018,-1.1417913485218631
Foreign_Bond_Investment,anomaly,distributed_lag_ols,5,12648.077587695578,0.01830006083054924,2.359490268640117
Foreign_Bond_Investment,anomaly,distributed_lag_ols,6,-19719.396057171703,0.005542167222064035,-2.773706393520675
Foreign_Bond_Investment,anomaly,elasticnet_abs_coef,1,0.13612922738081804,,
Foreign_Bond_Investment,anomaly,elasticnet_abs_coef,2,0.0648097581447868,,
Foreign_Bond_Investment,anomaly,elasticnet_abs_coef,3,0.1450257168933787,,
Foreign_Bond_Investment,anomaly,elasticnet_abs_coef,4,0.06914507125837109,,
Foreign_Bond_Investment,anomaly,elasticnet_abs_coef,5,0.13372922792622044,,
Foreign_Bond_Investment,anomaly,elasticnet_abs_coef,6,0.2085716346062056,,
Foreign_Bond_Investment,anomaly,tree_permutation_importance,1,0.005090849477222814,,
Foreign_Bond_Investment,anomaly,tree_feature_importance,1,0.09663733507816115,,
Foreign_Bond_Investment,anomaly,tree_shap_abs,1,77.80426700039081,,
Foreign_Bond_Investment,anomaly,tree_permutation_importance,2,-0.03586272055077009,,
Foreign_Bond_Investment,anomaly,tree_feature_importance,2,0.19038385243192846,,
Foreign_Bond_Investment,anomaly,tree_shap_abs,2,363.92866433846973,,
Foreign_Bond_Investment,anomaly,tree_permutation_importance,3,-0.00854454358355542,,
Foreign_Bond_Investment,anomaly,tree_feature_importance,3,0.15249374182993863,,
Foreign_Bond_Investment,anomaly,tree_shap_abs,3,189.07026834125492,,
Foreign_Bond_Investment,anomaly,tree_permutation_importance,4,0.009063502337989315,,
Foreign_Bond_Investment,anomaly,tree_feature_importance,4,0.08291234407096126,,
Foreign_Bond_Investment,anomaly,tree_shap_abs,4,81.47947914271556,,
Foreign_Bond_Investment,anomaly,tree_permutation_importance,5,-0.004183774468098467,,
Foreign_Bond_Investment,anomaly,tree_feature_importance,5,0.12290920685989704,,
Foreign_Bond_Investment,anomaly,tree_shap_abs,5,164.7931128770245,,
Foreign_Bond_Investment,anomaly,tree_permutation_importance,6,0.045766243677400634,,
Foreign_Bond_Investment,anomaly,tree_feature_importance,6,0.17307851749499456,,
Foreign_Bond_Investment,anomaly,tree_shap_abs,6,437.84138008121505,,
KOSPI,full,cross_correlation,0,-0.30777185478937186,3.936826140573112e-07,
KOSPI,full,cross_correlation,1,-0.2622054766061737,1.778375357320648e-05,
KOSPI,full,cross_correlation,2,-0.00899217130078672,0.8850435894689938,
KOSPI,full,cross_correlation,3,0.018228831698770234,0.7694406659452262,
KOSPI,full,cross_correlation,4,-0.08094003283323975,0.19240770338830343,
KOSPI,full,cross_correlation,5,0.024503489964724273,0.6935625326286552,
KOSPI,full,cross_correlation,6,0.008857232030562026,0.8867570093701572,
KOSPI,full,distributed_lag_ols,1,-0.2612572691376566,0.0014287943642429307,-3.1887701479692434
KOSPI,full,distributed_lag_ols,2,0.047020476817406696,0.5562060687259418,0.5884860885762949
KOSPI,full,distributed_lag_ols,3,0.010186487079152826,0.8928785863002524,0.13466267380145902
KOSPI,full,distributed_lag_ols,4,-0.10321305980806789,0.11537974138833369,-1.5744660628452676
KOSPI,full,distributed_lag_ols,5,0.05319363769391368,0.4606972951183821,0.7376991395450759
KOSPI,full,distributed_lag_ols,6,0.013373534458344266,0.8717157116879684,0.16147955638368303
KOSPI,full,elasticnet_abs_coef,1,0.11433587976057931,,
KOSPI,full,elasticnet_abs_coef,2,0.0,,
KOSPI,full,elasticnet_abs_coef,3,0.0,,
KOSPI,full,elasticnet_abs_coef,4,0.0,,
KOSPI,full,elasticnet_abs_coef,5,0.0,,
KOSPI,full,elasticnet_abs_coef,6,0.0,,
KOSPI,full,tree_permutation_importance,1,0.033667945666877606,,
KOSPI,full,tree_feature_importance,1,0.22186561581060213,,
KOSPI,full,tree_shap_abs,1,0.004500358517377628,,
KOSPI,full,tree_permutation_importance,2,-0.048052294653116015,,
KOSPI,full,tree_feature_importance,2,0.12903466362139746,,
KOSPI,full,tree_shap_abs,2,0.0015543346322048162,,
KOSPI,full,tree_permutation_importance,3,-0.032225055443544516,,
KOSPI,full,tree_feature_importance,3,0.1322280614915922,,
KOSPI,full,tree_shap_abs,3,0.00225617130632689,,
KOSPI,full,tree_permutation_importance,4,-0.002759341780756053,,
KOSPI,full,tree_feature_importance,4,0.1046970957991555,,
KOSPI,full,tree_shap_abs,4,0.000662916583426113,,
KOSPI,full,tree_permutation_importance,5,-0.0074540511009071105,,
KOSPI,full,tree_feature_importance,5,0.12680849553753054,,
KOSPI,full,tree_shap_abs,5,0.0015248398075230294,,
KOSPI,full,tree_permutation_importance,6,0.020664812092868745,,
KOSPI,full,tree_feature_importance,6,0.09392445089524934,,
KOSPI,full,tree_shap_abs,6,0.0007719642506379527,,
KOSPI,anomaly,cross_correlation,0,-0.2935229743092791,0.019554011367898305,
KOSPI,anomaly,cross_correlation,1,-0.4016828408474373,0.00110232988700941,
KOSPI,anomaly,cross_correlation,2,-0.12856527353914604,0.3152842776197197,
KOSPI,anomaly,cross_correlation,3,0.14220089768929386,0.26624834240427286,
KOSPI,anomaly,cross_correlation,4,-0.1693309445082261,0.18460386992070102,
KOSPI,anomaly,cross_correlation,5,-0.11423721435830146,0.3726632048783823,
KOSPI,anomaly,cross_correlation,6,0.09676020902059164,0.4506068411360527,
KOSPI,anomaly,distributed_lag_ols,1,-0.39728256463828343,0.01900884555346757,-2.345357456418258
KOSPI,anomaly,distributed_lag_ols,2,-0.009650423240246593,0.949534513421322,-0.06329133773524676
KOSPI,anomaly,distributed_lag_ols,3,0.18213719733271272,0.18514529098700572,1.3250779732261029
KOSPI,anomaly,distributed_lag_ols,4,-0.22392786687478677,0.026827788314524804,-2.214014400755104
KOSPI,anomaly,distributed_lag_ols,5,-0.05092043090963692,0.7077388078131467,-0.37489466379140596
KOSPI,anomaly,distributed_lag_ols,6,0.1951134239239108,0.11381413293373063,1.5812795517272222
KOSPI,anomaly,elasticnet_abs_coef,1,0.24527444109075716,,
KOSPI,anomaly,elasticnet_abs_coef,2,0.001258035526772048,,
KOSPI,anomaly,elasticnet_abs_coef,3,0.09679685217776743,,
KOSPI,anomaly,elasticnet_abs_coef,4,0.12059092110055691,,
KOSPI,anomaly,elasticnet_abs_coef,5,0.021669657017244222,,
KOSPI,anomaly,elasticnet_abs_coef,6,0.09927930785811122,,
KOSPI,anomaly,tree_permutation_importance,1,0.11509404290629026,,
KOSPI,anomaly,tree_feature_importance,1,0.25959571772443,,
KOSPI,anomaly,tree_shap_abs,1,0.0060510128580209726,,
KOSPI,anomaly,tree_permutation_importance,2,-0.01409145264083007,,
KOSPI,anomaly,tree_feature_importance,2,0.13704989400345918,,
KOSPI,anomaly,tree_shap_abs,2,0.003753195610313868,,
KOSPI,anomaly,tree_permutation_importance,3,0.052261725799285855,,
KOSPI,anomaly,tree_feature_importance,3,0.06689268157769226,,
KOSPI,anomaly,tree_shap_abs,3,0.0032296960135580785,,
KOSPI,anomaly,tree_permutation_importance,4,-0.0036637146162579403,,
KOSPI,anomaly,tree_feature_importance,4,0.09237631152656146,,
KOSPI,anomaly,tree_shap_abs,4,0.0024338887879778973,,
KOSPI,anomaly,tree_permutation_importance,5,0.012385612719964323,,
KOSPI,anomaly,tree_feature_importance,5,0.10733745416473602,,
KOSPI,anomaly,tree_shap_abs,5,0.0033072608164777615,,
KOSPI,anomaly,tree_permutation_importance,6,0.0006616995152881833,,
KOSPI,anomaly,tree_feature_importance,6,0.07420198097664099,,
KOSPI,anomaly,tree_shap_abs,6,0.0013867028352421928,,
BSI_All_Industry,full,cross_correlation,0,-0.3273688613118512,0.010014540707718036,
BSI_All_Industry,full,cross_correlation,1,-0.239273776478387,0.06328206733077733,
BSI_All_Industry,full,cross_correlation,2,-0.09579457513955539,0.46270941356438205,
BSI_All_Industry,full,cross_correlation,3,-0.09002934588192893,0.4901890598111292,
BSI_All_Industry,full,cross_correlation,4,-0.05685392424077154,0.6634104643786706,
BSI_All_Industry,full,cross_correlation,5,0.030562422983121618,0.8151274025465901,
BSI_All_Industry,full,cross_correlation,6,0.17239915615929374,0.18398090709756698,
BSI_All_Industry,full,distributed_lag_ols,1,-19.543966091898238,0.06001394638284639,-1.880691134319551
BSI_All_Industry,full,distributed_lag_ols,2,-5.843992673428442,0.5919855975302745,-0.5359608653612156
BSI_All_Industry,full,distributed_lag_ols,3,-12.35130373488261,0.03673994192414618,-2.088642216932084
BSI_All_Industry,full,distributed_lag_ols,4,1.12604407875731,0.8821416803087845,0.14825480651981282
BSI_All_Industry,full,distributed_lag_ols,5,5.722247776896634,0.6277681173397995,0.48487062983039214
BSI_All_Industry,full,distributed_lag_ols,6,24.24334328504426,0.006518336053687158,2.7204995503054916
BSI_All_Industry,full,elasticnet_abs_coef,1,0.08320201237145959,,
BSI_All_Industry,full,elasticnet_abs_coef,2,0.0,,
BSI_All_Industry,full,elasticnet_abs_coef,3,0.011701036120716695,,
BSI_All_Industry,full,elasticnet_abs_coef,4,0.0,,
BSI_All_Industry,full,elasticnet_abs_coef,5,0.0,,
BSI_All_Industry,full,elasticnet_abs_coef,6,0.07710191542329882,,
BSI_All_Industry,full,tree_permutation_importance,1,-0.017494868388766148,,
BSI_All_Industry,full,tree_feature_importance,1,0.09925186272279188,,
BSI_All_Industry,full,tree_shap_abs,1,0.13053014731458631,,
BSI_All_Industry,full,tree_permutation_importance,2,0.004093342767490016,,
BSI_All_Industry,full,tree_feature_importance,2,0.07564018241975215,,
BSI_All_Industry,full,tree_shap_abs,2,0.10747252211872883,,
BSI_All_Industry,full,tree_permutation_importance,3,0.015761878617316948,,
BSI_All_Industry,full,tree_feature_importance,3,0.1016035026055447,,
BSI_All_Industry,full,tree_shap_abs,3,0.09434814222370824,,
BSI_All_Industry,full,tree_permutation_importance,4,-0.0001566935016461546,,
BSI_All_Industry,full,tree_feature_importance,4,0.08731706757707916,,
BSI_All_Industry,full,tree_shap_abs,4,0.056406636216282675,,
BSI_All_Industry,full,tree_permutation_importance,5,-0.04322933005877908,,
BSI_All_Industry,full,tree_feature_importance,5,0.2645615931475027,,
BSI_All_Industry,full,tree_shap_abs,5,0.728512668788077,,
BSI_All_Industry,full,tree_permutation_importance,6,-0.007339894493814558,,
BSI_All_Industry,full,tree_feature_importance,6,0.21115617237111658,,
BSI_All_Industry,full,tree_shap_abs,6,0.25378502687576593,,
CSI_CCSI,full,cross_correlation,0,-0.11339243931209513,0.10462729432593393,
CSI_CCSI,full,cross_correlation,1,-0.3626839632892526,8.445124659402675e-08,
CSI_CCSI,full,cross_correlation,2,0.057321784078022436,0.41313492522892087,
CSI_CCSI,full,cross_correlation,3,0.11255746420710991,0.10722415850713818,
CSI_CCSI,full,cross_correlation,4,-0.1446481842476835,0.038043933361430776,
CSI_CCSI,full,cross_correlation,5,0.09375165475294092,0.18012979249178687,
CSI_CCSI,full,cross_correlation,6,0.11791022748986116,0.09142554195806162,
CSI_CCSI,full,distributed_lag_ols,1,-45.59737788253932,1.785302889854647e-05,-4.290177599660939
CSI_CCSI,full,distributed_lag_ols,2,9.227979761354,0.1879679876399123,1.3166141669370937
CSI_CCSI,full,distributed_lag_ols,3,8.317074395759203,0.39312158743691417,0.8539700442319108
CSI_CCSI,full,distributed_lag_ols,4,-11.240399166776543,0.056565672339333455,-1.9066519555520571
CSI_CCSI,full,distributed_lag_ols,5,15.903761267800258,0.052112069634642995,1.9422068048618808
CSI_CCSI,full,distributed_lag_ols,6,11.67525369899002,0.13882676525388774,1.4801741945479576
CSI_CCSI,full,elasticnet_abs_coef,1,0.173944781075743,,
CSI_CCSI,full,elasticnet_abs_coef,2,0.0,,
CSI_CCSI,full,elasticnet_abs_coef,3,0.0,,
CSI_CCSI,full,elasticnet_abs_coef,4,0.0,,
CSI_CCSI,full,elasticnet_abs_coef,5,0.0,,
CSI_CCSI,full,elasticnet_abs_coef,6,0.0,,
CSI_CCSI,full,tree_permutation_importance,1,0.05661671301168656,,
CSI_CCSI,full,tree_feature_importance,1,0.3019573664092673,,
CSI_CCSI,full,tree_shap_abs,1,0.6985784911299154,,
CSI_CCSI,full,tree_permutation_importance,2,-0.00774314258828992,,
CSI_CCSI,full,tree_feature_importance,2,0.08804970900155097,,
CSI_CCSI,full,tree_shap_abs,2,0.16479161851703564,,
CSI_CCSI,full,tree_permutation_importance,3,-0.04167339085241548,,
CSI_CCSI,full,tree_feature_importance,3,0.11041958579648309,,
CSI_CCSI,full,tree_shap_abs,3,0.07484132808616073,,
CSI_CCSI,full,tree_permutation_importance,4,0.0010615454054131667,,
CSI_CCSI,full,tree_feature_importance,4,0.10400938769297019,,
CSI_CCSI,full,tree_shap_abs,4,0.18098517732150507,,
CSI_CCSI,full,tree_permutation_importance,5,-0.027596802481645942,,
CSI_CCSI,full,tree_feature_importance,5,0.1541234986425382,,
CSI_CCSI,full,tree_shap_abs,5,0.3704847411734323,,
CSI_CCSI,full,tree_permutation_importance,6,-0.0006488251068877959,,
CSI_CCSI,full,tree_feature_importance,6,0.0941191973736245,,
CSI_CCSI,full,tree_shap_abs,6,0.10024842030338159,,
CSI_CCSI,anomaly,cross_correlation,0,-0.1910755306575107,0.158343886205177,
CSI_CCSI,anomaly,cross_correlation,1,-0.472530452068464,0.0002358174537016512,
CSI_CCSI,anomaly,cross_correlation,2,-0.03749638110288854,0.7838041384826693,
CSI_CCSI,anomaly,cross_correlation,3,0.28977808878472033,0.03028778174387507,
CSI_CCSI,anomaly,cross_correlation,4,-0.18739475254246823,0.16666739254763913,
CSI_CCSI,anomaly,cross_correlation,5,0.05579232103541726,0.6829703692640724,
CSI_CCSI,anomaly,cross_correlation,6,0.2291608440161609,0.08933902951889683,
CSI_CCSI,anomaly,distributed_lag_ols,1,-82.18511246657474,1.3731202391620989e-08,-5.676707430127383
CSI_CCSI,anomaly,distributed_lag_ols,2,-3.440126598822973,0.7983814237952547,-0.2554424031453802
CSI_CCSI,anomaly,distributed_lag_ols,3,24.443981133752306,0.0001325915939273115,3.821594484839965
CSI_CCSI,anomaly,distributed_lag_ols,4,-1.7269312388251148,0.8480873232624757,-0.19155943102937023
CSI_CCSI,anomaly,distributed_lag_ols,5,25.926858282472395,0.025600971909692648,2.232211739253303
CSI_CCSI,anomaly,distributed_lag_ols,6,26.41653033388865,0.0007620764670347585,3.366213693109365
CSI_CCSI,anomaly,elasticnet_abs_coef,1,0.05499855841242346,,
CSI_CCSI,anomaly,elasticnet_abs_coef,2,0.0,,
CSI_CCSI,anomaly,elasticnet_abs_coef,3,0.0,,
CSI_CCSI,anomaly,elasticnet_abs_coef,4,0.0,,
CSI_CCSI,anomaly,elasticnet_abs_coef,5,0.0,,
CSI_CCSI,anomaly,elasticnet_abs_coef,6,0.0,,
